// SPDX-License-Identifier: GPL-3.0-or-later
// Derived from eSpeak NG / ucd-tools, Copyright (C) 2012-2018 Reece H. Dunn.
// Unicode data: see COPYING.UCD. Preserve this fork's Unicode 11.0 semantics.
// Generated by tools/generate_rust_tables.py; do not edit by hand.
#![allow(clippy::unreadable_literal)]
pub(super) static CATEGORIES: &[(u32, u32, u64)] = &[
    (0x0, 0x1f, 0x0),
    (0x20, 0x20, 0x1e),
    (0x21, 0x23, 0x16),
    (0x24, 0x24, 0x18),
    (0x25, 0x27, 0x16),
    (0x28, 0x28, 0x17),
    (0x29, 0x29, 0x13),
    (0x2a, 0x2a, 0x16),
    (0x2b, 0x2b, 0x1a),
    (0x2c, 0x2c, 0x16),
    (0x2d, 0x2d, 0x12),
    (0x2e, 0x2f, 0x16),
    (0x30, 0x39, 0xe),
    (0x3a, 0x3b, 0x16),
    (0x3c, 0x3e, 0x1a),
    (0x3f, 0x40, 0x16),
    (0x41, 0x5a, 0xa),
    (0x5b, 0x5b, 0x17),
    (0x5c, 0x5c, 0x16),
    (0x5d, 0x5d, 0x13),
    (0x5e, 0x5e, 0x19),
    (0x5f, 0x5f, 0x11),
    (0x60, 0x60, 0x19),
    (0x61, 0x7a, 0x6),
    (0x7b, 0x7b, 0x17),
    (0x7c, 0x7c, 0x1a),
    (0x7d, 0x7d, 0x13),
    (0x7e, 0x7e, 0x1a),
    (0x7f, 0x9f, 0x0),
    (0xa0, 0xa0, 0x1e),
    (0xa1, 0xa1, 0x16),
    (0xa2, 0xa5, 0x18),
    (0xa6, 0xa6, 0x1b),
    (0xa7, 0xa7, 0x16),
    (0xa8, 0xa8, 0x19),
    (0xa9, 0xa9, 0x1b),
    (0xaa, 0xaa, 0x8),
    (0xab, 0xab, 0x15),
    (0xac, 0xac, 0x1a),
    (0xad, 0xad, 0x1),
    (0xae, 0xae, 0x1b),
    (0xaf, 0xaf, 0x19),
    (0xb0, 0xb0, 0x1b),
    (0xb1, 0xb1, 0x1a),
    (0xb2, 0xb3, 0x10),
    (0xb4, 0xb4, 0x19),
    (0xb5, 0xb5, 0x6),
    (0xb6, 0xb7, 0x16),
    (0xb8, 0xb8, 0x19),
    (0xb9, 0xb9, 0x10),
    (0xba, 0xba, 0x8),
    (0xbb, 0xbb, 0x14),
    (0xbc, 0xbe, 0x10),
    (0xbf, 0xbf, 0x16),
    (0xc0, 0xd6, 0xa),
    (0xd7, 0xd7, 0x1a),
    (0xd8, 0xde, 0xa),
    (0xdf, 0xf6, 0x6),
    (0xf7, 0xf7, 0x1a),
    (0xf8, 0xff, 0x6),
    (0x100, 0x100, 0xa),
    (0x101, 0x101, 0x6),
    (0x102, 0x102, 0xa),
    (0x103, 0x103, 0x6),
    (0x104, 0x104, 0xa),
    (0x105, 0x105, 0x6),
    (0x106, 0x106, 0xa),
    (0x107, 0x107, 0x6),
    (0x108, 0x108, 0xa),
    (0x109, 0x109, 0x6),
    (0x10a, 0x10a, 0xa),
    (0x10b, 0x10b, 0x6),
    (0x10c, 0x10c, 0xa),
    (0x10d, 0x10d, 0x6),
    (0x10e, 0x10e, 0xa),
    (0x10f, 0x10f, 0x6),
    (0x110, 0x110, 0xa),
    (0x111, 0x111, 0x6),
    (0x112, 0x112, 0xa),
    (0x113, 0x113, 0x6),
    (0x114, 0x114, 0xa),
    (0x115, 0x115, 0x6),
    (0x116, 0x116, 0xa),
    (0x117, 0x117, 0x6),
    (0x118, 0x118, 0xa),
    (0x119, 0x119, 0x6),
    (0x11a, 0x11a, 0xa),
    (0x11b, 0x11b, 0x6),
    (0x11c, 0x11c, 0xa),
    (0x11d, 0x11d, 0x6),
    (0x11e, 0x11e, 0xa),
    (0x11f, 0x11f, 0x6),
    (0x120, 0x120, 0xa),
    (0x121, 0x121, 0x6),
    (0x122, 0x122, 0xa),
    (0x123, 0x123, 0x6),
    (0x124, 0x124, 0xa),
    (0x125, 0x125, 0x6),
    (0x126, 0x126, 0xa),
    (0x127, 0x127, 0x6),
    (0x128, 0x128, 0xa),
    (0x129, 0x129, 0x6),
    (0x12a, 0x12a, 0xa),
    (0x12b, 0x12b, 0x6),
    (0x12c, 0x12c, 0xa),
    (0x12d, 0x12d, 0x6),
    (0x12e, 0x12e, 0xa),
    (0x12f, 0x12f, 0x6),
    (0x130, 0x130, 0xa),
    (0x131, 0x131, 0x6),
    (0x132, 0x132, 0xa),
    (0x133, 0x133, 0x6),
    (0x134, 0x134, 0xa),
    (0x135, 0x135, 0x6),
    (0x136, 0x136, 0xa),
    (0x137, 0x138, 0x6),
    (0x139, 0x139, 0xa),
    (0x13a, 0x13a, 0x6),
    (0x13b, 0x13b, 0xa),
    (0x13c, 0x13c, 0x6),
    (0x13d, 0x13d, 0xa),
    (0x13e, 0x13e, 0x6),
    (0x13f, 0x13f, 0xa),
    (0x140, 0x140, 0x6),
    (0x141, 0x141, 0xa),
    (0x142, 0x142, 0x6),
    (0x143, 0x143, 0xa),
    (0x144, 0x144, 0x6),
    (0x145, 0x145, 0xa),
    (0x146, 0x146, 0x6),
    (0x147, 0x147, 0xa),
    (0x148, 0x149, 0x6),
    (0x14a, 0x14a, 0xa),
    (0x14b, 0x14b, 0x6),
    (0x14c, 0x14c, 0xa),
    (0x14d, 0x14d, 0x6),
    (0x14e, 0x14e, 0xa),
    (0x14f, 0x14f, 0x6),
    (0x150, 0x150, 0xa),
    (0x151, 0x151, 0x6),
    (0x152, 0x152, 0xa),
    (0x153, 0x153, 0x6),
    (0x154, 0x154, 0xa),
    (0x155, 0x155, 0x6),
    (0x156, 0x156, 0xa),
    (0x157, 0x157, 0x6),
    (0x158, 0x158, 0xa),
    (0x159, 0x159, 0x6),
    (0x15a, 0x15a, 0xa),
    (0x15b, 0x15b, 0x6),
    (0x15c, 0x15c, 0xa),
    (0x15d, 0x15d, 0x6),
    (0x15e, 0x15e, 0xa),
    (0x15f, 0x15f, 0x6),
    (0x160, 0x160, 0xa),
    (0x161, 0x161, 0x6),
    (0x162, 0x162, 0xa),
    (0x163, 0x163, 0x6),
    (0x164, 0x164, 0xa),
    (0x165, 0x165, 0x6),
    (0x166, 0x166, 0xa),
    (0x167, 0x167, 0x6),
    (0x168, 0x168, 0xa),
    (0x169, 0x169, 0x6),
    (0x16a, 0x16a, 0xa),
    (0x16b, 0x16b, 0x6),
    (0x16c, 0x16c, 0xa),
    (0x16d, 0x16d, 0x6),
    (0x16e, 0x16e, 0xa),
    (0x16f, 0x16f, 0x6),
    (0x170, 0x170, 0xa),
    (0x171, 0x171, 0x6),
    (0x172, 0x172, 0xa),
    (0x173, 0x173, 0x6),
    (0x174, 0x174, 0xa),
    (0x175, 0x175, 0x6),
    (0x176, 0x176, 0xa),
    (0x177, 0x177, 0x6),
    (0x178, 0x179, 0xa),
    (0x17a, 0x17a, 0x6),
    (0x17b, 0x17b, 0xa),
    (0x17c, 0x17c, 0x6),
    (0x17d, 0x17d, 0xa),
    (0x17e, 0x180, 0x6),
    (0x181, 0x182, 0xa),
    (0x183, 0x183, 0x6),
    (0x184, 0x184, 0xa),
    (0x185, 0x185, 0x6),
    (0x186, 0x187, 0xa),
    (0x188, 0x188, 0x6),
    (0x189, 0x18b, 0xa),
    (0x18c, 0x18d, 0x6),
    (0x18e, 0x191, 0xa),
    (0x192, 0x192, 0x6),
    (0x193, 0x194, 0xa),
    (0x195, 0x195, 0x6),
    (0x196, 0x198, 0xa),
    (0x199, 0x19b, 0x6),
    (0x19c, 0x19d, 0xa),
    (0x19e, 0x19e, 0x6),
    (0x19f, 0x1a0, 0xa),
    (0x1a1, 0x1a1, 0x6),
    (0x1a2, 0x1a2, 0xa),
    (0x1a3, 0x1a3, 0x6),
    (0x1a4, 0x1a4, 0xa),
    (0x1a5, 0x1a5, 0x6),
    (0x1a6, 0x1a7, 0xa),
    (0x1a8, 0x1a8, 0x6),
    (0x1a9, 0x1a9, 0xa),
    (0x1aa, 0x1ab, 0x6),
    (0x1ac, 0x1ac, 0xa),
    (0x1ad, 0x1ad, 0x6),
    (0x1ae, 0x1af, 0xa),
    (0x1b0, 0x1b0, 0x6),
    (0x1b1, 0x1b3, 0xa),
    (0x1b4, 0x1b4, 0x6),
    (0x1b5, 0x1b5, 0xa),
    (0x1b6, 0x1b6, 0x6),
    (0x1b7, 0x1b8, 0xa),
    (0x1b9, 0x1ba, 0x6),
    (0x1bb, 0x1bb, 0x8),
    (0x1bc, 0x1bc, 0xa),
    (0x1bd, 0x1bf, 0x6),
    (0x1c0, 0x1c3, 0x8),
    (0x1c4, 0x1c4, 0xa),
    (0x1c5, 0x1c5, 0x9),
    (0x1c6, 0x1c6, 0x6),
    (0x1c7, 0x1c7, 0xa),
    (0x1c8, 0x1c8, 0x9),
    (0x1c9, 0x1c9, 0x6),
    (0x1ca, 0x1ca, 0xa),
    (0x1cb, 0x1cb, 0x9),
    (0x1cc, 0x1cc, 0x6),
    (0x1cd, 0x1cd, 0xa),
    (0x1ce, 0x1ce, 0x6),
    (0x1cf, 0x1cf, 0xa),
    (0x1d0, 0x1d0, 0x6),
    (0x1d1, 0x1d1, 0xa),
    (0x1d2, 0x1d2, 0x6),
    (0x1d3, 0x1d3, 0xa),
    (0x1d4, 0x1d4, 0x6),
    (0x1d5, 0x1d5, 0xa),
    (0x1d6, 0x1d6, 0x6),
    (0x1d7, 0x1d7, 0xa),
    (0x1d8, 0x1d8, 0x6),
    (0x1d9, 0x1d9, 0xa),
    (0x1da, 0x1da, 0x6),
    (0x1db, 0x1db, 0xa),
    (0x1dc, 0x1dd, 0x6),
    (0x1de, 0x1de, 0xa),
    (0x1df, 0x1df, 0x6),
    (0x1e0, 0x1e0, 0xa),
    (0x1e1, 0x1e1, 0x6),
    (0x1e2, 0x1e2, 0xa),
    (0x1e3, 0x1e3, 0x6),
    (0x1e4, 0x1e4, 0xa),
    (0x1e5, 0x1e5, 0x6),
    (0x1e6, 0x1e6, 0xa),
    (0x1e7, 0x1e7, 0x6),
    (0x1e8, 0x1e8, 0xa),
    (0x1e9, 0x1e9, 0x6),
    (0x1ea, 0x1ea, 0xa),
    (0x1eb, 0x1eb, 0x6),
    (0x1ec, 0x1ec, 0xa),
    (0x1ed, 0x1ed, 0x6),
    (0x1ee, 0x1ee, 0xa),
    (0x1ef, 0x1f0, 0x6),
    (0x1f1, 0x1f1, 0xa),
    (0x1f2, 0x1f2, 0x9),
    (0x1f3, 0x1f3, 0x6),
    (0x1f4, 0x1f4, 0xa),
    (0x1f5, 0x1f5, 0x6),
    (0x1f6, 0x1f8, 0xa),
    (0x1f9, 0x1f9, 0x6),
    (0x1fa, 0x1fa, 0xa),
    (0x1fb, 0x1fb, 0x6),
    (0x1fc, 0x1fc, 0xa),
    (0x1fd, 0x1fd, 0x6),
    (0x1fe, 0x1fe, 0xa),
    (0x1ff, 0x1ff, 0x6),
    (0x200, 0x200, 0xa),
    (0x201, 0x201, 0x6),
    (0x202, 0x202, 0xa),
    (0x203, 0x203, 0x6),
    (0x204, 0x204, 0xa),
    (0x205, 0x205, 0x6),
    (0x206, 0x206, 0xa),
    (0x207, 0x207, 0x6),
    (0x208, 0x208, 0xa),
    (0x209, 0x209, 0x6),
    (0x20a, 0x20a, 0xa),
    (0x20b, 0x20b, 0x6),
    (0x20c, 0x20c, 0xa),
    (0x20d, 0x20d, 0x6),
    (0x20e, 0x20e, 0xa),
    (0x20f, 0x20f, 0x6),
    (0x210, 0x210, 0xa),
    (0x211, 0x211, 0x6),
    (0x212, 0x212, 0xa),
    (0x213, 0x213, 0x6),
    (0x214, 0x214, 0xa),
    (0x215, 0x215, 0x6),
    (0x216, 0x216, 0xa),
    (0x217, 0x217, 0x6),
    (0x218, 0x218, 0xa),
    (0x219, 0x219, 0x6),
    (0x21a, 0x21a, 0xa),
    (0x21b, 0x21b, 0x6),
    (0x21c, 0x21c, 0xa),
    (0x21d, 0x21d, 0x6),
    (0x21e, 0x21e, 0xa),
    (0x21f, 0x21f, 0x6),
    (0x220, 0x220, 0xa),
    (0x221, 0x221, 0x6),
    (0x222, 0x222, 0xa),
    (0x223, 0x223, 0x6),
    (0x224, 0x224, 0xa),
    (0x225, 0x225, 0x6),
    (0x226, 0x226, 0xa),
    (0x227, 0x227, 0x6),
    (0x228, 0x228, 0xa),
    (0x229, 0x229, 0x6),
    (0x22a, 0x22a, 0xa),
    (0x22b, 0x22b, 0x6),
    (0x22c, 0x22c, 0xa),
    (0x22d, 0x22d, 0x6),
    (0x22e, 0x22e, 0xa),
    (0x22f, 0x22f, 0x6),
    (0x230, 0x230, 0xa),
    (0x231, 0x231, 0x6),
    (0x232, 0x232, 0xa),
    (0x233, 0x239, 0x6),
    (0x23a, 0x23b, 0xa),
    (0x23c, 0x23c, 0x6),
    (0x23d, 0x23e, 0xa),
    (0x23f, 0x240, 0x6),
    (0x241, 0x241, 0xa),
    (0x242, 0x242, 0x6),
    (0x243, 0x246, 0xa),
    (0x247, 0x247, 0x6),
    (0x248, 0x248, 0xa),
    (0x249, 0x249, 0x6),
    (0x24a, 0x24a, 0xa),
    (0x24b, 0x24b, 0x6),
    (0x24c, 0x24c, 0xa),
    (0x24d, 0x24d, 0x6),
    (0x24e, 0x24e, 0xa),
    (0x24f, 0x293, 0x6),
    (0x294, 0x294, 0x8),
    (0x295, 0x2af, 0x6),
    (0x2b0, 0x2c1, 0x7),
    (0x2c2, 0x2c5, 0x19),
    (0x2c6, 0x2d1, 0x7),
    (0x2d2, 0x2df, 0x19),
    (0x2e0, 0x2e4, 0x7),
    (0x2e5, 0x2eb, 0x19),
    (0x2ec, 0x2ec, 0x7),
    (0x2ed, 0x2ed, 0x19),
    (0x2ee, 0x2ee, 0x7),
    (0x2ef, 0x2ff, 0x19),
    (0x300, 0x36f, 0xd),
    (0x370, 0x370, 0xa),
    (0x371, 0x371, 0x6),
    (0x372, 0x372, 0xa),
    (0x373, 0x373, 0x6),
    (0x374, 0x374, 0x7),
    (0x375, 0x375, 0x19),
    (0x376, 0x376, 0xa),
    (0x377, 0x377, 0x6),
    (0x378, 0x379, 0x2),
    (0x37a, 0x37a, 0x7),
    (0x37b, 0x37d, 0x6),
    (0x37e, 0x37e, 0x16),
    (0x37f, 0x37f, 0xa),
    (0x380, 0x383, 0x2),
    (0x384, 0x385, 0x19),
    (0x386, 0x386, 0xa),
    (0x387, 0x387, 0x16),
    (0x388, 0x38a, 0xa),
    (0x38b, 0x38b, 0x2),
    (0x38c, 0x38c, 0xa),
    (0x38d, 0x38d, 0x2),
    (0x38e, 0x38f, 0xa),
    (0x390, 0x390, 0x6),
    (0x391, 0x3a1, 0xa),
    (0x3a2, 0x3a2, 0x2),
    (0x3a3, 0x3ab, 0xa),
    (0x3ac, 0x3ce, 0x6),
    (0x3cf, 0x3cf, 0xa),
    (0x3d0, 0x3d1, 0x6),
    (0x3d2, 0x3d4, 0xa),
    (0x3d5, 0x3d7, 0x6),
    (0x3d8, 0x3d8, 0xa),
    (0x3d9, 0x3d9, 0x6),
    (0x3da, 0x3da, 0xa),
    (0x3db, 0x3db, 0x6),
    (0x3dc, 0x3dc, 0xa),
    (0x3dd, 0x3dd, 0x6),
    (0x3de, 0x3de, 0xa),
    (0x3df, 0x3df, 0x6),
    (0x3e0, 0x3e0, 0xa),
    (0x3e1, 0x3e1, 0x6),
    (0x3e2, 0x3e2, 0xa),
    (0x3e3, 0x3e3, 0x6),
    (0x3e4, 0x3e4, 0xa),
    (0x3e5, 0x3e5, 0x6),
    (0x3e6, 0x3e6, 0xa),
    (0x3e7, 0x3e7, 0x6),
    (0x3e8, 0x3e8, 0xa),
    (0x3e9, 0x3e9, 0x6),
    (0x3ea, 0x3ea, 0xa),
    (0x3eb, 0x3eb, 0x6),
    (0x3ec, 0x3ec, 0xa),
    (0x3ed, 0x3ed, 0x6),
    (0x3ee, 0x3ee, 0xa),
    (0x3ef, 0x3f3, 0x6),
    (0x3f4, 0x3f4, 0xa),
    (0x3f5, 0x3f5, 0x6),
    (0x3f6, 0x3f6, 0x1a),
    (0x3f7, 0x3f7, 0xa),
    (0x3f8, 0x3f8, 0x6),
    (0x3f9, 0x3fa, 0xa),
    (0x3fb, 0x3fc, 0x6),
    (0x3fd, 0x42f, 0xa),
    (0x430, 0x45f, 0x6),
    (0x460, 0x460, 0xa),
    (0x461, 0x461, 0x6),
    (0x462, 0x462, 0xa),
    (0x463, 0x463, 0x6),
    (0x464, 0x464, 0xa),
    (0x465, 0x465, 0x6),
    (0x466, 0x466, 0xa),
    (0x467, 0x467, 0x6),
    (0x468, 0x468, 0xa),
    (0x469, 0x469, 0x6),
    (0x46a, 0x46a, 0xa),
    (0x46b, 0x46b, 0x6),
    (0x46c, 0x46c, 0xa),
    (0x46d, 0x46d, 0x6),
    (0x46e, 0x46e, 0xa),
    (0x46f, 0x46f, 0x6),
    (0x470, 0x470, 0xa),
    (0x471, 0x471, 0x6),
    (0x472, 0x472, 0xa),
    (0x473, 0x473, 0x6),
    (0x474, 0x474, 0xa),
    (0x475, 0x475, 0x6),
    (0x476, 0x476, 0xa),
    (0x477, 0x477, 0x6),
    (0x478, 0x478, 0xa),
    (0x479, 0x479, 0x6),
    (0x47a, 0x47a, 0xa),
    (0x47b, 0x47b, 0x6),
    (0x47c, 0x47c, 0xa),
    (0x47d, 0x47d, 0x6),
    (0x47e, 0x47e, 0xa),
    (0x47f, 0x47f, 0x6),
    (0x480, 0x480, 0xa),
    (0x481, 0x481, 0x6),
    (0x482, 0x482, 0x1b),
    (0x483, 0x487, 0xd),
    (0x488, 0x489, 0xc),
    (0x48a, 0x48a, 0xa),
    (0x48b, 0x48b, 0x6),
    (0x48c, 0x48c, 0xa),
    (0x48d, 0x48d, 0x6),
    (0x48e, 0x48e, 0xa),
    (0x48f, 0x48f, 0x6),
    (0x490, 0x490, 0xa),
    (0x491, 0x491, 0x6),
    (0x492, 0x492, 0xa),
    (0x493, 0x493, 0x6),
    (0x494, 0x494, 0xa),
    (0x495, 0x495, 0x6),
    (0x496, 0x496, 0xa),
    (0x497, 0x497, 0x6),
    (0x498, 0x498, 0xa),
    (0x499, 0x499, 0x6),
    (0x49a, 0x49a, 0xa),
    (0x49b, 0x49b, 0x6),
    (0x49c, 0x49c, 0xa),
    (0x49d, 0x49d, 0x6),
    (0x49e, 0x49e, 0xa),
    (0x49f, 0x49f, 0x6),
    (0x4a0, 0x4a0, 0xa),
    (0x4a1, 0x4a1, 0x6),
    (0x4a2, 0x4a2, 0xa),
    (0x4a3, 0x4a3, 0x6),
    (0x4a4, 0x4a4, 0xa),
    (0x4a5, 0x4a5, 0x6),
    (0x4a6, 0x4a6, 0xa),
    (0x4a7, 0x4a7, 0x6),
    (0x4a8, 0x4a8, 0xa),
    (0x4a9, 0x4a9, 0x6),
    (0x4aa, 0x4aa, 0xa),
    (0x4ab, 0x4ab, 0x6),
    (0x4ac, 0x4ac, 0xa),
    (0x4ad, 0x4ad, 0x6),
    (0x4ae, 0x4ae, 0xa),
    (0x4af, 0x4af, 0x6),
    (0x4b0, 0x4b0, 0xa),
    (0x4b1, 0x4b1, 0x6),
    (0x4b2, 0x4b2, 0xa),
    (0x4b3, 0x4b3, 0x6),
    (0x4b4, 0x4b4, 0xa),
    (0x4b5, 0x4b5, 0x6),
    (0x4b6, 0x4b6, 0xa),
    (0x4b7, 0x4b7, 0x6),
    (0x4b8, 0x4b8, 0xa),
    (0x4b9, 0x4b9, 0x6),
    (0x4ba, 0x4ba, 0xa),
    (0x4bb, 0x4bb, 0x6),
    (0x4bc, 0x4bc, 0xa),
    (0x4bd, 0x4bd, 0x6),
    (0x4be, 0x4be, 0xa),
    (0x4bf, 0x4bf, 0x6),
    (0x4c0, 0x4c1, 0xa),
    (0x4c2, 0x4c2, 0x6),
    (0x4c3, 0x4c3, 0xa),
    (0x4c4, 0x4c4, 0x6),
    (0x4c5, 0x4c5, 0xa),
    (0x4c6, 0x4c6, 0x6),
    (0x4c7, 0x4c7, 0xa),
    (0x4c8, 0x4c8, 0x6),
    (0x4c9, 0x4c9, 0xa),
    (0x4ca, 0x4ca, 0x6),
    (0x4cb, 0x4cb, 0xa),
    (0x4cc, 0x4cc, 0x6),
    (0x4cd, 0x4cd, 0xa),
    (0x4ce, 0x4cf, 0x6),
    (0x4d0, 0x4d0, 0xa),
    (0x4d1, 0x4d1, 0x6),
    (0x4d2, 0x4d2, 0xa),
    (0x4d3, 0x4d3, 0x6),
    (0x4d4, 0x4d4, 0xa),
    (0x4d5, 0x4d5, 0x6),
    (0x4d6, 0x4d6, 0xa),
    (0x4d7, 0x4d7, 0x6),
    (0x4d8, 0x4d8, 0xa),
    (0x4d9, 0x4d9, 0x6),
    (0x4da, 0x4da, 0xa),
    (0x4db, 0x4db, 0x6),
    (0x4dc, 0x4dc, 0xa),
    (0x4dd, 0x4dd, 0x6),
    (0x4de, 0x4de, 0xa),
    (0x4df, 0x4df, 0x6),
    (0x4e0, 0x4e0, 0xa),
    (0x4e1, 0x4e1, 0x6),
    (0x4e2, 0x4e2, 0xa),
    (0x4e3, 0x4e3, 0x6),
    (0x4e4, 0x4e4, 0xa),
    (0x4e5, 0x4e5, 0x6),
    (0x4e6, 0x4e6, 0xa),
    (0x4e7, 0x4e7, 0x6),
    (0x4e8, 0x4e8, 0xa),
    (0x4e9, 0x4e9, 0x6),
    (0x4ea, 0x4ea, 0xa),
    (0x4eb, 0x4eb, 0x6),
    (0x4ec, 0x4ec, 0xa),
    (0x4ed, 0x4ed, 0x6),
    (0x4ee, 0x4ee, 0xa),
    (0x4ef, 0x4ef, 0x6),
    (0x4f0, 0x4f0, 0xa),
    (0x4f1, 0x4f1, 0x6),
    (0x4f2, 0x4f2, 0xa),
    (0x4f3, 0x4f3, 0x6),
    (0x4f4, 0x4f4, 0xa),
    (0x4f5, 0x4f5, 0x6),
    (0x4f6, 0x4f6, 0xa),
    (0x4f7, 0x4f7, 0x6),
    (0x4f8, 0x4f8, 0xa),
    (0x4f9, 0x4f9, 0x6),
    (0x4fa, 0x4fa, 0xa),
    (0x4fb, 0x4fb, 0x6),
    (0x4fc, 0x4fc, 0xa),
    (0x4fd, 0x4fd, 0x6),
    (0x4fe, 0x4fe, 0xa),
    (0x4ff, 0x4ff, 0x6),
    (0x500, 0x500, 0xa),
    (0x501, 0x501, 0x6),
    (0x502, 0x502, 0xa),
    (0x503, 0x503, 0x6),
    (0x504, 0x504, 0xa),
    (0x505, 0x505, 0x6),
    (0x506, 0x506, 0xa),
    (0x507, 0x507, 0x6),
    (0x508, 0x508, 0xa),
    (0x509, 0x509, 0x6),
    (0x50a, 0x50a, 0xa),
    (0x50b, 0x50b, 0x6),
    (0x50c, 0x50c, 0xa),
    (0x50d, 0x50d, 0x6),
    (0x50e, 0x50e, 0xa),
    (0x50f, 0x50f, 0x6),
    (0x510, 0x510, 0xa),
    (0x511, 0x511, 0x6),
    (0x512, 0x512, 0xa),
    (0x513, 0x513, 0x6),
    (0x514, 0x514, 0xa),
    (0x515, 0x515, 0x6),
    (0x516, 0x516, 0xa),
    (0x517, 0x517, 0x6),
    (0x518, 0x518, 0xa),
    (0x519, 0x519, 0x6),
    (0x51a, 0x51a, 0xa),
    (0x51b, 0x51b, 0x6),
    (0x51c, 0x51c, 0xa),
    (0x51d, 0x51d, 0x6),
    (0x51e, 0x51e, 0xa),
    (0x51f, 0x51f, 0x6),
    (0x520, 0x520, 0xa),
    (0x521, 0x521, 0x6),
    (0x522, 0x522, 0xa),
    (0x523, 0x523, 0x6),
    (0x524, 0x524, 0xa),
    (0x525, 0x525, 0x6),
    (0x526, 0x526, 0xa),
    (0x527, 0x527, 0x6),
    (0x528, 0x528, 0xa),
    (0x529, 0x529, 0x6),
    (0x52a, 0x52a, 0xa),
    (0x52b, 0x52b, 0x6),
    (0x52c, 0x52c, 0xa),
    (0x52d, 0x52d, 0x6),
    (0x52e, 0x52e, 0xa),
    (0x52f, 0x52f, 0x6),
    (0x530, 0x530, 0x2),
    (0x531, 0x556, 0xa),
    (0x557, 0x558, 0x2),
    (0x559, 0x559, 0x7),
    (0x55a, 0x55f, 0x16),
    (0x560, 0x588, 0x6),
    (0x589, 0x589, 0x16),
    (0x58a, 0x58a, 0x12),
    (0x58b, 0x58c, 0x2),
    (0x58d, 0x58e, 0x1b),
    (0x58f, 0x58f, 0x18),
    (0x590, 0x590, 0x2),
    (0x591, 0x5bd, 0xd),
    (0x5be, 0x5be, 0x12),
    (0x5bf, 0x5bf, 0xd),
    (0x5c0, 0x5c0, 0x16),
    (0x5c1, 0x5c2, 0xd),
    (0x5c3, 0x5c3, 0x16),
    (0x5c4, 0x5c5, 0xd),
    (0x5c6, 0x5c6, 0x16),
    (0x5c7, 0x5c7, 0xd),
    (0x5c8, 0x5cf, 0x2),
    (0x5d0, 0x5ea, 0x8),
    (0x5eb, 0x5ee, 0x2),
    (0x5ef, 0x5f2, 0x8),
    (0x5f3, 0x5f4, 0x16),
    (0x5f5, 0x5ff, 0x2),
    (0x600, 0x605, 0x1),
    (0x606, 0x608, 0x1a),
    (0x609, 0x60a, 0x16),
    (0x60b, 0x60b, 0x18),
    (0x60c, 0x60d, 0x16),
    (0x60e, 0x60f, 0x1b),
    (0x610, 0x61a, 0xd),
    (0x61b, 0x61b, 0x16),
    (0x61c, 0x61c, 0x1),
    (0x61d, 0x61d, 0x2),
    (0x61e, 0x61f, 0x16),
    (0x620, 0x63f, 0x8),
    (0x640, 0x640, 0x7),
    (0x641, 0x64a, 0x8),
    (0x64b, 0x65f, 0xd),
    (0x660, 0x669, 0xe),
    (0x66a, 0x66d, 0x16),
    (0x66e, 0x66f, 0x8),
    (0x670, 0x670, 0xd),
    (0x671, 0x6d3, 0x8),
    (0x6d4, 0x6d4, 0x16),
    (0x6d5, 0x6d5, 0x8),
    (0x6d6, 0x6dc, 0xd),
    (0x6dd, 0x6dd, 0x1),
    (0x6de, 0x6de, 0x1b),
    (0x6df, 0x6e4, 0xd),
    (0x6e5, 0x6e6, 0x7),
    (0x6e7, 0x6e8, 0xd),
    (0x6e9, 0x6e9, 0x1b),
    (0x6ea, 0x6ed, 0xd),
    (0x6ee, 0x6ef, 0x8),
    (0x6f0, 0x6f9, 0xe),
    (0x6fa, 0x6fc, 0x8),
    (0x6fd, 0x6fe, 0x1b),
    (0x6ff, 0x6ff, 0x8),
    (0x700, 0x70d, 0x16),
    (0x70e, 0x70e, 0x2),
    (0x70f, 0x70f, 0x1),
    (0x710, 0x710, 0x8),
    (0x711, 0x711, 0xd),
    (0x712, 0x72f, 0x8),
    (0x730, 0x74a, 0xd),
    (0x74b, 0x74c, 0x2),
    (0x74d, 0x7a5, 0x8),
    (0x7a6, 0x7b0, 0xd),
    (0x7b1, 0x7b1, 0x8),
    (0x7b2, 0x7bf, 0x2),
    (0x7c0, 0x7c9, 0xe),
    (0x7ca, 0x7ea, 0x8),
    (0x7eb, 0x7f3, 0xd),
    (0x7f4, 0x7f5, 0x7),
    (0x7f6, 0x7f6, 0x1b),
    (0x7f7, 0x7f9, 0x16),
    (0x7fa, 0x7fa, 0x7),
    (0x7fb, 0x7fc, 0x2),
    (0x7fd, 0x7fd, 0xd),
    (0x7fe, 0x7ff, 0x18),
    (0x800, 0x815, 0x8),
    (0x816, 0x819, 0xd),
    (0x81a, 0x81a, 0x7),
    (0x81b, 0x823, 0xd),
    (0x824, 0x824, 0x7),
    (0x825, 0x827, 0xd),
    (0x828, 0x828, 0x7),
    (0x829, 0x82d, 0xd),
    (0x82e, 0x82f, 0x2),
    (0x830, 0x83e, 0x16),
    (0x83f, 0x83f, 0x2),
    (0x840, 0x858, 0x8),
    (0x859, 0x85b, 0xd),
    (0x85c, 0x85d, 0x2),
    (0x85e, 0x85e, 0x16),
    (0x85f, 0x85f, 0x2),
    (0x860, 0x86a, 0x8),
    (0x86b, 0x89f, 0x2),
    (0x8a0, 0x8b4, 0x8),
    (0x8b5, 0x8b5, 0x2),
    (0x8b6, 0x8bd, 0x8),
    (0x8be, 0x8d2, 0x2),
    (0x8d3, 0x8e1, 0xd),
    (0x8e2, 0x8e2, 0x1),
    (0x8e3, 0x902, 0xd),
    (0x903, 0x903, 0xb),
    (0x904, 0x939, 0x8),
    (0x93a, 0x93a, 0xd),
    (0x93b, 0x93b, 0xb),
    (0x93c, 0x93c, 0xd),
    (0x93d, 0x93d, 0x8),
    (0x93e, 0x940, 0xb),
    (0x941, 0x948, 0xd),
    (0x949, 0x94c, 0xb),
    (0x94d, 0x94d, 0xd),
    (0x94e, 0x94f, 0xb),
    (0x950, 0x950, 0x8),
    (0x951, 0x957, 0xd),
    (0x958, 0x961, 0x8),
    (0x962, 0x963, 0xd),
    (0x964, 0x965, 0x16),
    (0x966, 0x96f, 0xe),
    (0x970, 0x970, 0x16),
    (0x971, 0x971, 0x7),
    (0x972, 0x980, 0x8),
    (0x981, 0x981, 0xd),
    (0x982, 0x983, 0xb),
    (0x984, 0x984, 0x2),
    (0x985, 0x98c, 0x8),
    (0x98d, 0x98e, 0x2),
    (0x98f, 0x990, 0x8),
    (0x991, 0x992, 0x2),
    (0x993, 0x9a8, 0x8),
    (0x9a9, 0x9a9, 0x2),
    (0x9aa, 0x9b0, 0x8),
    (0x9b1, 0x9b1, 0x2),
    (0x9b2, 0x9b2, 0x8),
    (0x9b3, 0x9b5, 0x2),
    (0x9b6, 0x9b9, 0x8),
    (0x9ba, 0x9bb, 0x2),
    (0x9bc, 0x9bc, 0xd),
    (0x9bd, 0x9bd, 0x8),
    (0x9be, 0x9c0, 0xb),
    (0x9c1, 0x9c4, 0xd),
    (0x9c5, 0x9c6, 0x2),
    (0x9c7, 0x9c8, 0xb),
    (0x9c9, 0x9ca, 0x2),
    (0x9cb, 0x9cc, 0xb),
    (0x9cd, 0x9cd, 0xd),
    (0x9ce, 0x9ce, 0x8),
    (0x9cf, 0x9d6, 0x2),
    (0x9d7, 0x9d7, 0xb),
    (0x9d8, 0x9db, 0x2),
    (0x9dc, 0x9dd, 0x8),
    (0x9de, 0x9de, 0x2),
    (0x9df, 0x9e1, 0x8),
    (0x9e2, 0x9e3, 0xd),
    (0x9e4, 0x9e5, 0x2),
    (0x9e6, 0x9ef, 0xe),
    (0x9f0, 0x9f1, 0x8),
    (0x9f2, 0x9f3, 0x18),
    (0x9f4, 0x9f9, 0x10),
    (0x9fa, 0x9fa, 0x1b),
    (0x9fb, 0x9fb, 0x18),
    (0x9fc, 0x9fc, 0x8),
    (0x9fd, 0x9fd, 0x16),
    (0x9fe, 0x9fe, 0xd),
    (0x9ff, 0xa00, 0x2),
    (0xa01, 0xa02, 0xd),
    (0xa03, 0xa03, 0xb),
    (0xa04, 0xa04, 0x2),
    (0xa05, 0xa0a, 0x8),
    (0xa0b, 0xa0e, 0x2),
    (0xa0f, 0xa10, 0x8),
    (0xa11, 0xa12, 0x2),
    (0xa13, 0xa28, 0x8),
    (0xa29, 0xa29, 0x2),
    (0xa2a, 0xa30, 0x8),
    (0xa31, 0xa31, 0x2),
    (0xa32, 0xa33, 0x8),
    (0xa34, 0xa34, 0x2),
    (0xa35, 0xa36, 0x8),
    (0xa37, 0xa37, 0x2),
    (0xa38, 0xa39, 0x8),
    (0xa3a, 0xa3b, 0x2),
    (0xa3c, 0xa3c, 0xd),
    (0xa3d, 0xa3d, 0x2),
    (0xa3e, 0xa40, 0xb),
    (0xa41, 0xa42, 0xd),
    (0xa43, 0xa46, 0x2),
    (0xa47, 0xa48, 0xd),
    (0xa49, 0xa4a, 0x2),
    (0xa4b, 0xa4d, 0xd),
    (0xa4e, 0xa50, 0x2),
    (0xa51, 0xa51, 0xd),
    (0xa52, 0xa58, 0x2),
    (0xa59, 0xa5c, 0x8),
    (0xa5d, 0xa5d, 0x2),
    (0xa5e, 0xa5e, 0x8),
    (0xa5f, 0xa65, 0x2),
    (0xa66, 0xa6f, 0xe),
    (0xa70, 0xa71, 0xd),
    (0xa72, 0xa74, 0x8),
    (0xa75, 0xa75, 0xd),
    (0xa76, 0xa76, 0x16),
    (0xa77, 0xa80, 0x2),
    (0xa81, 0xa82, 0xd),
    (0xa83, 0xa83, 0xb),
    (0xa84, 0xa84, 0x2),
    (0xa85, 0xa8d, 0x8),
    (0xa8e, 0xa8e, 0x2),
    (0xa8f, 0xa91, 0x8),
    (0xa92, 0xa92, 0x2),
    (0xa93, 0xaa8, 0x8),
    (0xaa9, 0xaa9, 0x2),
    (0xaaa, 0xab0, 0x8),
    (0xab1, 0xab1, 0x2),
    (0xab2, 0xab3, 0x8),
    (0xab4, 0xab4, 0x2),
    (0xab5, 0xab9, 0x8),
    (0xaba, 0xabb, 0x2),
    (0xabc, 0xabc, 0xd),
    (0xabd, 0xabd, 0x8),
    (0xabe, 0xac0, 0xb),
    (0xac1, 0xac5, 0xd),
    (0xac6, 0xac6, 0x2),
    (0xac7, 0xac8, 0xd),
    (0xac9, 0xac9, 0xb),
    (0xaca, 0xaca, 0x2),
    (0xacb, 0xacc, 0xb),
    (0xacd, 0xacd, 0xd),
    (0xace, 0xacf, 0x2),
    (0xad0, 0xad0, 0x8),
    (0xad1, 0xadf, 0x2),
    (0xae0, 0xae1, 0x8),
    (0xae2, 0xae3, 0xd),
    (0xae4, 0xae5, 0x2),
    (0xae6, 0xaef, 0xe),
    (0xaf0, 0xaf0, 0x16),
    (0xaf1, 0xaf1, 0x18),
    (0xaf2, 0xaf8, 0x2),
    (0xaf9, 0xaf9, 0x8),
    (0xafa, 0xaff, 0xd),
    (0xb00, 0xb00, 0x2),
    (0xb01, 0xb01, 0xd),
    (0xb02, 0xb03, 0xb),
    (0xb04, 0xb04, 0x2),
    (0xb05, 0xb0c, 0x8),
    (0xb0d, 0xb0e, 0x2),
    (0xb0f, 0xb10, 0x8),
    (0xb11, 0xb12, 0x2),
    (0xb13, 0xb28, 0x8),
    (0xb29, 0xb29, 0x2),
    (0xb2a, 0xb30, 0x8),
    (0xb31, 0xb31, 0x2),
    (0xb32, 0xb33, 0x8),
    (0xb34, 0xb34, 0x2),
    (0xb35, 0xb39, 0x8),
    (0xb3a, 0xb3b, 0x2),
    (0xb3c, 0xb3c, 0xd),
    (0xb3d, 0xb3d, 0x8),
    (0xb3e, 0xb3e, 0xb),
    (0xb3f, 0xb3f, 0xd),
    (0xb40, 0xb40, 0xb),
    (0xb41, 0xb44, 0xd),
    (0xb45, 0xb46, 0x2),
    (0xb47, 0xb48, 0xb),
    (0xb49, 0xb4a, 0x2),
    (0xb4b, 0xb4c, 0xb),
    (0xb4d, 0xb4d, 0xd),
    (0xb4e, 0xb55, 0x2),
    (0xb56, 0xb56, 0xd),
    (0xb57, 0xb57, 0xb),
    (0xb58, 0xb5b, 0x2),
    (0xb5c, 0xb5d, 0x8),
    (0xb5e, 0xb5e, 0x2),
    (0xb5f, 0xb61, 0x8),
    (0xb62, 0xb63, 0xd),
    (0xb64, 0xb65, 0x2),
    (0xb66, 0xb6f, 0xe),
    (0xb70, 0xb70, 0x1b),
    (0xb71, 0xb71, 0x8),
    (0xb72, 0xb77, 0x10),
    (0xb78, 0xb81, 0x2),
    (0xb82, 0xb82, 0xd),
    (0xb83, 0xb83, 0x8),
    (0xb84, 0xb84, 0x2),
    (0xb85, 0xb8a, 0x8),
    (0xb8b, 0xb8d, 0x2),
    (0xb8e, 0xb90, 0x8),
    (0xb91, 0xb91, 0x2),
    (0xb92, 0xb95, 0x8),
    (0xb96, 0xb98, 0x2),
    (0xb99, 0xb9a, 0x8),
    (0xb9b, 0xb9b, 0x2),
    (0xb9c, 0xb9c, 0x8),
    (0xb9d, 0xb9d, 0x2),
    (0xb9e, 0xb9f, 0x8),
    (0xba0, 0xba2, 0x2),
    (0xba3, 0xba4, 0x8),
    (0xba5, 0xba7, 0x2),
    (0xba8, 0xbaa, 0x8),
    (0xbab, 0xbad, 0x2),
    (0xbae, 0xbb9, 0x8),
    (0xbba, 0xbbd, 0x2),
    (0xbbe, 0xbbf, 0xb),
    (0xbc0, 0xbc0, 0xd),
    (0xbc1, 0xbc2, 0xb),
    (0xbc3, 0xbc5, 0x2),
    (0xbc6, 0xbc8, 0xb),
    (0xbc9, 0xbc9, 0x2),
    (0xbca, 0xbcc, 0xb),
    (0xbcd, 0xbcd, 0xd),
    (0xbce, 0xbcf, 0x2),
    (0xbd0, 0xbd0, 0x8),
    (0xbd1, 0xbd6, 0x2),
    (0xbd7, 0xbd7, 0xb),
    (0xbd8, 0xbe5, 0x2),
    (0xbe6, 0xbef, 0xe),
    (0xbf0, 0xbf2, 0x10),
    (0xbf3, 0xbf8, 0x1b),
    (0xbf9, 0xbf9, 0x18),
    (0xbfa, 0xbfa, 0x1b),
    (0xbfb, 0xbff, 0x2),
    (0xc00, 0xc00, 0xd),
    (0xc01, 0xc03, 0xb),
    (0xc04, 0xc04, 0xd),
    (0xc05, 0xc0c, 0x8),
    (0xc0d, 0xc0d, 0x2),
    (0xc0e, 0xc10, 0x8),
    (0xc11, 0xc11, 0x2),
    (0xc12, 0xc28, 0x8),
    (0xc29, 0xc29, 0x2),
    (0xc2a, 0xc39, 0x8),
    (0xc3a, 0xc3c, 0x2),
    (0xc3d, 0xc3d, 0x8),
    (0xc3e, 0xc40, 0xd),
    (0xc41, 0xc44, 0xb),
    (0xc45, 0xc45, 0x2),
    (0xc46, 0xc48, 0xd),
    (0xc49, 0xc49, 0x2),
    (0xc4a, 0xc4d, 0xd),
    (0xc4e, 0xc54, 0x2),
    (0xc55, 0xc56, 0xd),
    (0xc57, 0xc57, 0x2),
    (0xc58, 0xc5a, 0x8),
    (0xc5b, 0xc5f, 0x2),
    (0xc60, 0xc61, 0x8),
    (0xc62, 0xc63, 0xd),
    (0xc64, 0xc65, 0x2),
    (0xc66, 0xc6f, 0xe),
    (0xc70, 0xc77, 0x2),
    (0xc78, 0xc7e, 0x10),
    (0xc7f, 0xc7f, 0x1b),
    (0xc80, 0xc80, 0x8),
    (0xc81, 0xc81, 0xd),
    (0xc82, 0xc83, 0xb),
    (0xc84, 0xc84, 0x16),
    (0xc85, 0xc8c, 0x8),
    (0xc8d, 0xc8d, 0x2),
    (0xc8e, 0xc90, 0x8),
    (0xc91, 0xc91, 0x2),
    (0xc92, 0xca8, 0x8),
    (0xca9, 0xca9, 0x2),
    (0xcaa, 0xcb3, 0x8),
    (0xcb4, 0xcb4, 0x2),
    (0xcb5, 0xcb9, 0x8),
    (0xcba, 0xcbb, 0x2),
    (0xcbc, 0xcbc, 0xd),
    (0xcbd, 0xcbd, 0x8),
    (0xcbe, 0xcbe, 0xb),
    (0xcbf, 0xcbf, 0xd),
    (0xcc0, 0xcc4, 0xb),
    (0xcc5, 0xcc5, 0x2),
    (0xcc6, 0xcc6, 0xd),
    (0xcc7, 0xcc8, 0xb),
    (0xcc9, 0xcc9, 0x2),
    (0xcca, 0xccb, 0xb),
    (0xccc, 0xccd, 0xd),
    (0xcce, 0xcd4, 0x2),
    (0xcd5, 0xcd6, 0xb),
    (0xcd7, 0xcdd, 0x2),
    (0xcde, 0xcde, 0x8),
    (0xcdf, 0xcdf, 0x2),
    (0xce0, 0xce1, 0x8),
    (0xce2, 0xce3, 0xd),
    (0xce4, 0xce5, 0x2),
    (0xce6, 0xcef, 0xe),
    (0xcf0, 0xcf0, 0x2),
    (0xcf1, 0xcf2, 0x8),
    (0xcf3, 0xcff, 0x2),
    (0xd00, 0xd01, 0xd),
    (0xd02, 0xd03, 0xb),
    (0xd04, 0xd04, 0x2),
    (0xd05, 0xd0c, 0x8),
    (0xd0d, 0xd0d, 0x2),
    (0xd0e, 0xd10, 0x8),
    (0xd11, 0xd11, 0x2),
    (0xd12, 0xd3a, 0x8),
    (0xd3b, 0xd3c, 0xd),
    (0xd3d, 0xd3d, 0x8),
    (0xd3e, 0xd40, 0xb),
    (0xd41, 0xd44, 0xd),
    (0xd45, 0xd45, 0x2),
    (0xd46, 0xd48, 0xb),
    (0xd49, 0xd49, 0x2),
    (0xd4a, 0xd4c, 0xb),
    (0xd4d, 0xd4d, 0xd),
    (0xd4e, 0xd4e, 0x8),
    (0xd4f, 0xd4f, 0x1b),
    (0xd50, 0xd53, 0x2),
    (0xd54, 0xd56, 0x8),
    (0xd57, 0xd57, 0xb),
    (0xd58, 0xd5e, 0x10),
    (0xd5f, 0xd61, 0x8),
    (0xd62, 0xd63, 0xd),
    (0xd64, 0xd65, 0x2),
    (0xd66, 0xd6f, 0xe),
    (0xd70, 0xd78, 0x10),
    (0xd79, 0xd79, 0x1b),
    (0xd7a, 0xd7f, 0x8),
    (0xd80, 0xd81, 0x2),
    (0xd82, 0xd83, 0xb),
    (0xd84, 0xd84, 0x2),
    (0xd85, 0xd96, 0x8),
    (0xd97, 0xd99, 0x2),
    (0xd9a, 0xdb1, 0x8),
    (0xdb2, 0xdb2, 0x2),
    (0xdb3, 0xdbb, 0x8),
    (0xdbc, 0xdbc, 0x2),
    (0xdbd, 0xdbd, 0x8),
    (0xdbe, 0xdbf, 0x2),
    (0xdc0, 0xdc6, 0x8),
    (0xdc7, 0xdc9, 0x2),
    (0xdca, 0xdca, 0xd),
    (0xdcb, 0xdce, 0x2),
    (0xdcf, 0xdd1, 0xb),
    (0xdd2, 0xdd4, 0xd),
    (0xdd5, 0xdd5, 0x2),
    (0xdd6, 0xdd6, 0xd),
    (0xdd7, 0xdd7, 0x2),
    (0xdd8, 0xddf, 0xb),
    (0xde0, 0xde5, 0x2),
    (0xde6, 0xdef, 0xe),
    (0xdf0, 0xdf1, 0x2),
    (0xdf2, 0xdf3, 0xb),
    (0xdf4, 0xdf4, 0x16),
    (0xdf5, 0xe00, 0x2),
    (0xe01, 0xe30, 0x8),
    (0xe31, 0xe31, 0xd),
    (0xe32, 0xe33, 0x8),
    (0xe34, 0xe3a, 0xd),
    (0xe3b, 0xe3e, 0x2),
    (0xe3f, 0xe3f, 0x18),
    (0xe40, 0xe45, 0x8),
    (0xe46, 0xe46, 0x7),
    (0xe47, 0xe4e, 0xd),
    (0xe4f, 0xe4f, 0x16),
    (0xe50, 0xe59, 0xe),
    (0xe5a, 0xe5b, 0x16),
    (0xe5c, 0xe80, 0x2),
    (0xe81, 0xe82, 0x8),
    (0xe83, 0xe83, 0x2),
    (0xe84, 0xe84, 0x8),
    (0xe85, 0xe86, 0x2),
    (0xe87, 0xe88, 0x8),
    (0xe89, 0xe89, 0x2),
    (0xe8a, 0xe8a, 0x8),
    (0xe8b, 0xe8c, 0x2),
    (0xe8d, 0xe8d, 0x8),
    (0xe8e, 0xe93, 0x2),
    (0xe94, 0xe97, 0x8),
    (0xe98, 0xe98, 0x2),
    (0xe99, 0xe9f, 0x8),
    (0xea0, 0xea0, 0x2),
    (0xea1, 0xea3, 0x8),
    (0xea4, 0xea4, 0x2),
    (0xea5, 0xea5, 0x8),
    (0xea6, 0xea6, 0x2),
    (0xea7, 0xea7, 0x8),
    (0xea8, 0xea9, 0x2),
    (0xeaa, 0xeab, 0x8),
    (0xeac, 0xeac, 0x2),
    (0xead, 0xeb0, 0x8),
    (0xeb1, 0xeb1, 0xd),
    (0xeb2, 0xeb3, 0x8),
    (0xeb4, 0xeb9, 0xd),
    (0xeba, 0xeba, 0x2),
    (0xebb, 0xebc, 0xd),
    (0xebd, 0xebd, 0x8),
    (0xebe, 0xebf, 0x2),
    (0xec0, 0xec4, 0x8),
    (0xec5, 0xec5, 0x2),
    (0xec6, 0xec6, 0x7),
    (0xec7, 0xec7, 0x2),
    (0xec8, 0xecd, 0xd),
    (0xece, 0xecf, 0x2),
    (0xed0, 0xed9, 0xe),
    (0xeda, 0xedb, 0x2),
    (0xedc, 0xedf, 0x8),
    (0xee0, 0xeff, 0x2),
    (0xf00, 0xf00, 0x8),
    (0xf01, 0xf03, 0x1b),
    (0xf04, 0xf12, 0x16),
    (0xf13, 0xf13, 0x1b),
    (0xf14, 0xf14, 0x16),
    (0xf15, 0xf17, 0x1b),
    (0xf18, 0xf19, 0xd),
    (0xf1a, 0xf1f, 0x1b),
    (0xf20, 0xf29, 0xe),
    (0xf2a, 0xf33, 0x10),
    (0xf34, 0xf34, 0x1b),
    (0xf35, 0xf35, 0xd),
    (0xf36, 0xf36, 0x1b),
    (0xf37, 0xf37, 0xd),
    (0xf38, 0xf38, 0x1b),
    (0xf39, 0xf39, 0xd),
    (0xf3a, 0xf3a, 0x17),
    (0xf3b, 0xf3b, 0x13),
    (0xf3c, 0xf3c, 0x17),
    (0xf3d, 0xf3d, 0x13),
    (0xf3e, 0xf3f, 0xb),
    (0xf40, 0xf47, 0x8),
    (0xf48, 0xf48, 0x2),
    (0xf49, 0xf6c, 0x8),
    (0xf6d, 0xf70, 0x2),
    (0xf71, 0xf7e, 0xd),
    (0xf7f, 0xf7f, 0xb),
    (0xf80, 0xf84, 0xd),
    (0xf85, 0xf85, 0x16),
    (0xf86, 0xf87, 0xd),
    (0xf88, 0xf8c, 0x8),
    (0xf8d, 0xf97, 0xd),
    (0xf98, 0xf98, 0x2),
    (0xf99, 0xfbc, 0xd),
    (0xfbd, 0xfbd, 0x2),
    (0xfbe, 0xfc5, 0x1b),
    (0xfc6, 0xfc6, 0xd),
    (0xfc7, 0xfcc, 0x1b),
    (0xfcd, 0xfcd, 0x2),
    (0xfce, 0xfcf, 0x1b),
    (0xfd0, 0xfd4, 0x16),
    (0xfd5, 0xfd8, 0x1b),
    (0xfd9, 0xfda, 0x16),
    (0xfdb, 0xfff, 0x2),
    (0x1000, 0x102a, 0x8),
    (0x102b, 0x102c, 0xb),
    (0x102d, 0x1030, 0xd),
    (0x1031, 0x1031, 0xb),
    (0x1032, 0x1037, 0xd),
    (0x1038, 0x1038, 0xb),
    (0x1039, 0x103a, 0xd),
    (0x103b, 0x103c, 0xb),
    (0x103d, 0x103e, 0xd),
    (0x103f, 0x103f, 0x8),
    (0x1040, 0x1049, 0xe),
    (0x104a, 0x104f, 0x16),
    (0x1050, 0x1055, 0x8),
    (0x1056, 0x1057, 0xb),
    (0x1058, 0x1059, 0xd),
    (0x105a, 0x105d, 0x8),
    (0x105e, 0x1060, 0xd),
    (0x1061, 0x1061, 0x8),
    (0x1062, 0x1064, 0xb),
    (0x1065, 0x1066, 0x8),
    (0x1067, 0x106d, 0xb),
    (0x106e, 0x1070, 0x8),
    (0x1071, 0x1074, 0xd),
    (0x1075, 0x1081, 0x8),
    (0x1082, 0x1082, 0xd),
    (0x1083, 0x1084, 0xb),
    (0x1085, 0x1086, 0xd),
    (0x1087, 0x108c, 0xb),
    (0x108d, 0x108d, 0xd),
    (0x108e, 0x108e, 0x8),
    (0x108f, 0x108f, 0xb),
    (0x1090, 0x1099, 0xe),
    (0x109a, 0x109c, 0xb),
    (0x109d, 0x109d, 0xd),
    (0x109e, 0x109f, 0x1b),
    (0x10a0, 0x10c5, 0xa),
    (0x10c6, 0x10c6, 0x2),
    (0x10c7, 0x10c7, 0xa),
    (0x10c8, 0x10cc, 0x2),
    (0x10cd, 0x10cd, 0xa),
    (0x10ce, 0x10cf, 0x2),
    (0x10d0, 0x10fa, 0x6),
    (0x10fb, 0x10fb, 0x16),
    (0x10fc, 0x10fc, 0x7),
    (0x10fd, 0x10ff, 0x6),
    (0x1100, 0x1248, 0x8),
    (0x1249, 0x1249, 0x2),
    (0x124a, 0x124d, 0x8),
    (0x124e, 0x124f, 0x2),
    (0x1250, 0x1256, 0x8),
    (0x1257, 0x1257, 0x2),
    (0x1258, 0x1258, 0x8),
    (0x1259, 0x1259, 0x2),
    (0x125a, 0x125d, 0x8),
    (0x125e, 0x125f, 0x2),
    (0x1260, 0x1288, 0x8),
    (0x1289, 0x1289, 0x2),
    (0x128a, 0x128d, 0x8),
    (0x128e, 0x128f, 0x2),
    (0x1290, 0x12b0, 0x8),
    (0x12b1, 0x12b1, 0x2),
    (0x12b2, 0x12b5, 0x8),
    (0x12b6, 0x12b7, 0x2),
    (0x12b8, 0x12be, 0x8),
    (0x12bf, 0x12bf, 0x2),
    (0x12c0, 0x12c0, 0x8),
    (0x12c1, 0x12c1, 0x2),
    (0x12c2, 0x12c5, 0x8),
    (0x12c6, 0x12c7, 0x2),
    (0x12c8, 0x12d6, 0x8),
    (0x12d7, 0x12d7, 0x2),
    (0x12d8, 0x1310, 0x8),
    (0x1311, 0x1311, 0x2),
    (0x1312, 0x1315, 0x8),
    (0x1316, 0x1317, 0x2),
    (0x1318, 0x135a, 0x8),
    (0x135b, 0x135c, 0x2),
    (0x135d, 0x135f, 0xd),
    (0x1360, 0x1368, 0x16),
    (0x1369, 0x137c, 0x10),
    (0x137d, 0x137f, 0x2),
    (0x1380, 0x138f, 0x8),
    (0x1390, 0x1399, 0x1b),
    (0x139a, 0x139f, 0x2),
    (0x13a0, 0x13f5, 0xa),
    (0x13f6, 0x13f7, 0x2),
    (0x13f8, 0x13fd, 0x6),
    (0x13fe, 0x13ff, 0x2),
    (0x1400, 0x1400, 0x12),
    (0x1401, 0x166c, 0x8),
    (0x166d, 0x166e, 0x16),
    (0x166f, 0x167f, 0x8),
    (0x1680, 0x1680, 0x1e),
    (0x1681, 0x169a, 0x8),
    (0x169b, 0x169b, 0x17),
    (0x169c, 0x169c, 0x13),
    (0x169d, 0x169f, 0x2),
    (0x16a0, 0x16ea, 0x8),
    (0x16eb, 0x16ed, 0x16),
    (0x16ee, 0x16f0, 0xf),
    (0x16f1, 0x16f8, 0x8),
    (0x16f9, 0x16ff, 0x2),
    (0x1700, 0x170c, 0x8),
    (0x170d, 0x170d, 0x2),
    (0x170e, 0x1711, 0x8),
    (0x1712, 0x1714, 0xd),
    (0x1715, 0x171f, 0x2),
    (0x1720, 0x1731, 0x8),
    (0x1732, 0x1734, 0xd),
    (0x1735, 0x1736, 0x16),
    (0x1737, 0x173f, 0x2),
    (0x1740, 0x1751, 0x8),
    (0x1752, 0x1753, 0xd),
    (0x1754, 0x175f, 0x2),
    (0x1760, 0x176c, 0x8),
    (0x176d, 0x176d, 0x2),
    (0x176e, 0x1770, 0x8),
    (0x1771, 0x1771, 0x2),
    (0x1772, 0x1773, 0xd),
    (0x1774, 0x177f, 0x2),
    (0x1780, 0x17b3, 0x8),
    (0x17b4, 0x17b5, 0xd),
    (0x17b6, 0x17b6, 0xb),
    (0x17b7, 0x17bd, 0xd),
    (0x17be, 0x17c5, 0xb),
    (0x17c6, 0x17c6, 0xd),
    (0x17c7, 0x17c8, 0xb),
    (0x17c9, 0x17d3, 0xd),
    (0x17d4, 0x17d6, 0x16),
    (0x17d7, 0x17d7, 0x7),
    (0x17d8, 0x17da, 0x16),
    (0x17db, 0x17db, 0x18),
    (0x17dc, 0x17dc, 0x8),
    (0x17dd, 0x17dd, 0xd),
    (0x17de, 0x17df, 0x2),
    (0x17e0, 0x17e9, 0xe),
    (0x17ea, 0x17ef, 0x2),
    (0x17f0, 0x17f9, 0x10),
    (0x17fa, 0x17ff, 0x2),
    (0x1800, 0x1805, 0x16),
    (0x1806, 0x1806, 0x12),
    (0x1807, 0x180a, 0x16),
    (0x180b, 0x180d, 0xd),
    (0x180e, 0x180e, 0x1),
    (0x180f, 0x180f, 0x2),
    (0x1810, 0x1819, 0xe),
    (0x181a, 0x181f, 0x2),
    (0x1820, 0x1842, 0x8),
    (0x1843, 0x1843, 0x7),
    (0x1844, 0x1878, 0x8),
    (0x1879, 0x187f, 0x2),
    (0x1880, 0x1884, 0x8),
    (0x1885, 0x1886, 0xd),
    (0x1887, 0x18a8, 0x8),
    (0x18a9, 0x18a9, 0xd),
    (0x18aa, 0x18aa, 0x8),
    (0x18ab, 0x18af, 0x2),
    (0x18b0, 0x18f5, 0x8),
    (0x18f6, 0x18ff, 0x2),
    (0x1900, 0x191e, 0x8),
    (0x191f, 0x191f, 0x2),
    (0x1920, 0x1922, 0xd),
    (0x1923, 0x1926, 0xb),
    (0x1927, 0x1928, 0xd),
    (0x1929, 0x192b, 0xb),
    (0x192c, 0x192f, 0x2),
    (0x1930, 0x1931, 0xb),
    (0x1932, 0x1932, 0xd),
    (0x1933, 0x1938, 0xb),
    (0x1939, 0x193b, 0xd),
    (0x193c, 0x193f, 0x2),
    (0x1940, 0x1940, 0x1b),
    (0x1941, 0x1943, 0x2),
    (0x1944, 0x1945, 0x16),
    (0x1946, 0x194f, 0xe),
    (0x1950, 0x196d, 0x8),
    (0x196e, 0x196f, 0x2),
    (0x1970, 0x1974, 0x8),
    (0x1975, 0x197f, 0x2),
    (0x1980, 0x19ab, 0x8),
    (0x19ac, 0x19af, 0x2),
    (0x19b0, 0x19c9, 0x8),
    (0x19ca, 0x19cf, 0x2),
    (0x19d0, 0x19d9, 0xe),
    (0x19da, 0x19da, 0x10),
    (0x19db, 0x19dd, 0x2),
    (0x19de, 0x19ff, 0x1b),
    (0x1a00, 0x1a16, 0x8),
    (0x1a17, 0x1a18, 0xd),
    (0x1a19, 0x1a1a, 0xb),
    (0x1a1b, 0x1a1b, 0xd),
    (0x1a1c, 0x1a1d, 0x2),
    (0x1a1e, 0x1a1f, 0x16),
    (0x1a20, 0x1a54, 0x8),
    (0x1a55, 0x1a55, 0xb),
    (0x1a56, 0x1a56, 0xd),
    (0x1a57, 0x1a57, 0xb),
    (0x1a58, 0x1a5e, 0xd),
    (0x1a5f, 0x1a5f, 0x2),
    (0x1a60, 0x1a60, 0xd),
    (0x1a61, 0x1a61, 0xb),
    (0x1a62, 0x1a62, 0xd),
    (0x1a63, 0x1a64, 0xb),
    (0x1a65, 0x1a6c, 0xd),
    (0x1a6d, 0x1a72, 0xb),
    (0x1a73, 0x1a7c, 0xd),
    (0x1a7d, 0x1a7e, 0x2),
    (0x1a7f, 0x1a7f, 0xd),
    (0x1a80, 0x1a89, 0xe),
    (0x1a8a, 0x1a8f, 0x2),
    (0x1a90, 0x1a99, 0xe),
    (0x1a9a, 0x1a9f, 0x2),
    (0x1aa0, 0x1aa6, 0x16),
    (0x1aa7, 0x1aa7, 0x7),
    (0x1aa8, 0x1aad, 0x16),
    (0x1aae, 0x1aaf, 0x2),
    (0x1ab0, 0x1abd, 0xd),
    (0x1abe, 0x1abe, 0xc),
    (0x1abf, 0x1aff, 0x2),
    (0x1b00, 0x1b03, 0xd),
    (0x1b04, 0x1b04, 0xb),
    (0x1b05, 0x1b33, 0x8),
    (0x1b34, 0x1b34, 0xd),
    (0x1b35, 0x1b35, 0xb),
    (0x1b36, 0x1b3a, 0xd),
    (0x1b3b, 0x1b3b, 0xb),
    (0x1b3c, 0x1b3c, 0xd),
    (0x1b3d, 0x1b41, 0xb),
    (0x1b42, 0x1b42, 0xd),
    (0x1b43, 0x1b44, 0xb),
    (0x1b45, 0x1b4b, 0x8),
    (0x1b4c, 0x1b4f, 0x2),
    (0x1b50, 0x1b59, 0xe),
    (0x1b5a, 0x1b60, 0x16),
    (0x1b61, 0x1b6a, 0x1b),
    (0x1b6b, 0x1b73, 0xd),
    (0x1b74, 0x1b7c, 0x1b),
    (0x1b7d, 0x1b7f, 0x2),
    (0x1b80, 0x1b81, 0xd),
    (0x1b82, 0x1b82, 0xb),
    (0x1b83, 0x1ba0, 0x8),
    (0x1ba1, 0x1ba1, 0xb),
    (0x1ba2, 0x1ba5, 0xd),
    (0x1ba6, 0x1ba7, 0xb),
    (0x1ba8, 0x1ba9, 0xd),
    (0x1baa, 0x1baa, 0xb),
    (0x1bab, 0x1bad, 0xd),
    (0x1bae, 0x1baf, 0x8),
    (0x1bb0, 0x1bb9, 0xe),
    (0x1bba, 0x1be5, 0x8),
    (0x1be6, 0x1be6, 0xd),
    (0x1be7, 0x1be7, 0xb),
    (0x1be8, 0x1be9, 0xd),
    (0x1bea, 0x1bec, 0xb),
    (0x1bed, 0x1bed, 0xd),
    (0x1bee, 0x1bee, 0xb),
    (0x1bef, 0x1bf1, 0xd),
    (0x1bf2, 0x1bf3, 0xb),
    (0x1bf4, 0x1bfb, 0x2),
    (0x1bfc, 0x1bff, 0x16),
    (0x1c00, 0x1c23, 0x8),
    (0x1c24, 0x1c2b, 0xb),
    (0x1c2c, 0x1c33, 0xd),
    (0x1c34, 0x1c35, 0xb),
    (0x1c36, 0x1c37, 0xd),
    (0x1c38, 0x1c3a, 0x2),
    (0x1c3b, 0x1c3f, 0x16),
    (0x1c40, 0x1c49, 0xe),
    (0x1c4a, 0x1c4c, 0x2),
    (0x1c4d, 0x1c4f, 0x8),
    (0x1c50, 0x1c59, 0xe),
    (0x1c5a, 0x1c77, 0x8),
    (0x1c78, 0x1c7d, 0x7),
    (0x1c7e, 0x1c7f, 0x16),
    (0x1c80, 0x1c88, 0x6),
    (0x1c89, 0x1c8f, 0x2),
    (0x1c90, 0x1cba, 0xa),
    (0x1cbb, 0x1cbc, 0x2),
    (0x1cbd, 0x1cbf, 0xa),
    (0x1cc0, 0x1cc7, 0x16),
    (0x1cc8, 0x1ccf, 0x2),
    (0x1cd0, 0x1cd2, 0xd),
    (0x1cd3, 0x1cd3, 0x16),
    (0x1cd4, 0x1ce0, 0xd),
    (0x1ce1, 0x1ce1, 0xb),
    (0x1ce2, 0x1ce8, 0xd),
    (0x1ce9, 0x1cec, 0x8),
    (0x1ced, 0x1ced, 0xd),
    (0x1cee, 0x1cf1, 0x8),
    (0x1cf2, 0x1cf3, 0xb),
    (0x1cf4, 0x1cf4, 0xd),
    (0x1cf5, 0x1cf6, 0x8),
    (0x1cf7, 0x1cf7, 0xb),
    (0x1cf8, 0x1cf9, 0xd),
    (0x1cfa, 0x1cff, 0x2),
    (0x1d00, 0x1d2b, 0x6),
    (0x1d2c, 0x1d6a, 0x7),
    (0x1d6b, 0x1d77, 0x6),
    (0x1d78, 0x1d78, 0x7),
    (0x1d79, 0x1d9a, 0x6),
    (0x1d9b, 0x1dbf, 0x7),
    (0x1dc0, 0x1df9, 0xd),
    (0x1dfa, 0x1dfa, 0x2),
    (0x1dfb, 0x1dff, 0xd),
    (0x1e00, 0x1e00, 0xa),
    (0x1e01, 0x1e01, 0x6),
    (0x1e02, 0x1e02, 0xa),
    (0x1e03, 0x1e03, 0x6),
    (0x1e04, 0x1e04, 0xa),
    (0x1e05, 0x1e05, 0x6),
    (0x1e06, 0x1e06, 0xa),
    (0x1e07, 0x1e07, 0x6),
    (0x1e08, 0x1e08, 0xa),
    (0x1e09, 0x1e09, 0x6),
    (0x1e0a, 0x1e0a, 0xa),
    (0x1e0b, 0x1e0b, 0x6),
    (0x1e0c, 0x1e0c, 0xa),
    (0x1e0d, 0x1e0d, 0x6),
    (0x1e0e, 0x1e0e, 0xa),
    (0x1e0f, 0x1e0f, 0x6),
    (0x1e10, 0x1e10, 0xa),
    (0x1e11, 0x1e11, 0x6),
    (0x1e12, 0x1e12, 0xa),
    (0x1e13, 0x1e13, 0x6),
    (0x1e14, 0x1e14, 0xa),
    (0x1e15, 0x1e15, 0x6),
    (0x1e16, 0x1e16, 0xa),
    (0x1e17, 0x1e17, 0x6),
    (0x1e18, 0x1e18, 0xa),
    (0x1e19, 0x1e19, 0x6),
    (0x1e1a, 0x1e1a, 0xa),
    (0x1e1b, 0x1e1b, 0x6),
    (0x1e1c, 0x1e1c, 0xa),
    (0x1e1d, 0x1e1d, 0x6),
    (0x1e1e, 0x1e1e, 0xa),
    (0x1e1f, 0x1e1f, 0x6),
    (0x1e20, 0x1e20, 0xa),
    (0x1e21, 0x1e21, 0x6),
    (0x1e22, 0x1e22, 0xa),
    (0x1e23, 0x1e23, 0x6),
    (0x1e24, 0x1e24, 0xa),
    (0x1e25, 0x1e25, 0x6),
    (0x1e26, 0x1e26, 0xa),
    (0x1e27, 0x1e27, 0x6),
    (0x1e28, 0x1e28, 0xa),
    (0x1e29, 0x1e29, 0x6),
    (0x1e2a, 0x1e2a, 0xa),
    (0x1e2b, 0x1e2b, 0x6),
    (0x1e2c, 0x1e2c, 0xa),
    (0x1e2d, 0x1e2d, 0x6),
    (0x1e2e, 0x1e2e, 0xa),
    (0x1e2f, 0x1e2f, 0x6),
    (0x1e30, 0x1e30, 0xa),
    (0x1e31, 0x1e31, 0x6),
    (0x1e32, 0x1e32, 0xa),
    (0x1e33, 0x1e33, 0x6),
    (0x1e34, 0x1e34, 0xa),
    (0x1e35, 0x1e35, 0x6),
    (0x1e36, 0x1e36, 0xa),
    (0x1e37, 0x1e37, 0x6),
    (0x1e38, 0x1e38, 0xa),
    (0x1e39, 0x1e39, 0x6),
    (0x1e3a, 0x1e3a, 0xa),
    (0x1e3b, 0x1e3b, 0x6),
    (0x1e3c, 0x1e3c, 0xa),
    (0x1e3d, 0x1e3d, 0x6),
    (0x1e3e, 0x1e3e, 0xa),
    (0x1e3f, 0x1e3f, 0x6),
    (0x1e40, 0x1e40, 0xa),
    (0x1e41, 0x1e41, 0x6),
    (0x1e42, 0x1e42, 0xa),
    (0x1e43, 0x1e43, 0x6),
    (0x1e44, 0x1e44, 0xa),
    (0x1e45, 0x1e45, 0x6),
    (0x1e46, 0x1e46, 0xa),
    (0x1e47, 0x1e47, 0x6),
    (0x1e48, 0x1e48, 0xa),
    (0x1e49, 0x1e49, 0x6),
    (0x1e4a, 0x1e4a, 0xa),
    (0x1e4b, 0x1e4b, 0x6),
    (0x1e4c, 0x1e4c, 0xa),
    (0x1e4d, 0x1e4d, 0x6),
    (0x1e4e, 0x1e4e, 0xa),
    (0x1e4f, 0x1e4f, 0x6),
    (0x1e50, 0x1e50, 0xa),
    (0x1e51, 0x1e51, 0x6),
    (0x1e52, 0x1e52, 0xa),
    (0x1e53, 0x1e53, 0x6),
    (0x1e54, 0x1e54, 0xa),
    (0x1e55, 0x1e55, 0x6),
    (0x1e56, 0x1e56, 0xa),
    (0x1e57, 0x1e57, 0x6),
    (0x1e58, 0x1e58, 0xa),
    (0x1e59, 0x1e59, 0x6),
    (0x1e5a, 0x1e5a, 0xa),
    (0x1e5b, 0x1e5b, 0x6),
    (0x1e5c, 0x1e5c, 0xa),
    (0x1e5d, 0x1e5d, 0x6),
    (0x1e5e, 0x1e5e, 0xa),
    (0x1e5f, 0x1e5f, 0x6),
    (0x1e60, 0x1e60, 0xa),
    (0x1e61, 0x1e61, 0x6),
    (0x1e62, 0x1e62, 0xa),
    (0x1e63, 0x1e63, 0x6),
    (0x1e64, 0x1e64, 0xa),
    (0x1e65, 0x1e65, 0x6),
    (0x1e66, 0x1e66, 0xa),
    (0x1e67, 0x1e67, 0x6),
    (0x1e68, 0x1e68, 0xa),
    (0x1e69, 0x1e69, 0x6),
    (0x1e6a, 0x1e6a, 0xa),
    (0x1e6b, 0x1e6b, 0x6),
    (0x1e6c, 0x1e6c, 0xa),
    (0x1e6d, 0x1e6d, 0x6),
    (0x1e6e, 0x1e6e, 0xa),
    (0x1e6f, 0x1e6f, 0x6),
    (0x1e70, 0x1e70, 0xa),
    (0x1e71, 0x1e71, 0x6),
    (0x1e72, 0x1e72, 0xa),
    (0x1e73, 0x1e73, 0x6),
    (0x1e74, 0x1e74, 0xa),
    (0x1e75, 0x1e75, 0x6),
    (0x1e76, 0x1e76, 0xa),
    (0x1e77, 0x1e77, 0x6),
    (0x1e78, 0x1e78, 0xa),
    (0x1e79, 0x1e79, 0x6),
    (0x1e7a, 0x1e7a, 0xa),
    (0x1e7b, 0x1e7b, 0x6),
    (0x1e7c, 0x1e7c, 0xa),
    (0x1e7d, 0x1e7d, 0x6),
    (0x1e7e, 0x1e7e, 0xa),
    (0x1e7f, 0x1e7f, 0x6),
    (0x1e80, 0x1e80, 0xa),
    (0x1e81, 0x1e81, 0x6),
    (0x1e82, 0x1e82, 0xa),
    (0x1e83, 0x1e83, 0x6),
    (0x1e84, 0x1e84, 0xa),
    (0x1e85, 0x1e85, 0x6),
    (0x1e86, 0x1e86, 0xa),
    (0x1e87, 0x1e87, 0x6),
    (0x1e88, 0x1e88, 0xa),
    (0x1e89, 0x1e89, 0x6),
    (0x1e8a, 0x1e8a, 0xa),
    (0x1e8b, 0x1e8b, 0x6),
    (0x1e8c, 0x1e8c, 0xa),
    (0x1e8d, 0x1e8d, 0x6),
    (0x1e8e, 0x1e8e, 0xa),
    (0x1e8f, 0x1e8f, 0x6),
    (0x1e90, 0x1e90, 0xa),
    (0x1e91, 0x1e91, 0x6),
    (0x1e92, 0x1e92, 0xa),
    (0x1e93, 0x1e93, 0x6),
    (0x1e94, 0x1e94, 0xa),
    (0x1e95, 0x1e9d, 0x6),
    (0x1e9e, 0x1e9e, 0xa),
    (0x1e9f, 0x1e9f, 0x6),
    (0x1ea0, 0x1ea0, 0xa),
    (0x1ea1, 0x1ea1, 0x6),
    (0x1ea2, 0x1ea2, 0xa),
    (0x1ea3, 0x1ea3, 0x6),
    (0x1ea4, 0x1ea4, 0xa),
    (0x1ea5, 0x1ea5, 0x6),
    (0x1ea6, 0x1ea6, 0xa),
    (0x1ea7, 0x1ea7, 0x6),
    (0x1ea8, 0x1ea8, 0xa),
    (0x1ea9, 0x1ea9, 0x6),
    (0x1eaa, 0x1eaa, 0xa),
    (0x1eab, 0x1eab, 0x6),
    (0x1eac, 0x1eac, 0xa),
    (0x1ead, 0x1ead, 0x6),
    (0x1eae, 0x1eae, 0xa),
    (0x1eaf, 0x1eaf, 0x6),
    (0x1eb0, 0x1eb0, 0xa),
    (0x1eb1, 0x1eb1, 0x6),
    (0x1eb2, 0x1eb2, 0xa),
    (0x1eb3, 0x1eb3, 0x6),
    (0x1eb4, 0x1eb4, 0xa),
    (0x1eb5, 0x1eb5, 0x6),
    (0x1eb6, 0x1eb6, 0xa),
    (0x1eb7, 0x1eb7, 0x6),
    (0x1eb8, 0x1eb8, 0xa),
    (0x1eb9, 0x1eb9, 0x6),
    (0x1eba, 0x1eba, 0xa),
    (0x1ebb, 0x1ebb, 0x6),
    (0x1ebc, 0x1ebc, 0xa),
    (0x1ebd, 0x1ebd, 0x6),
    (0x1ebe, 0x1ebe, 0xa),
    (0x1ebf, 0x1ebf, 0x6),
    (0x1ec0, 0x1ec0, 0xa),
    (0x1ec1, 0x1ec1, 0x6),
    (0x1ec2, 0x1ec2, 0xa),
    (0x1ec3, 0x1ec3, 0x6),
    (0x1ec4, 0x1ec4, 0xa),
    (0x1ec5, 0x1ec5, 0x6),
    (0x1ec6, 0x1ec6, 0xa),
    (0x1ec7, 0x1ec7, 0x6),
    (0x1ec8, 0x1ec8, 0xa),
    (0x1ec9, 0x1ec9, 0x6),
    (0x1eca, 0x1eca, 0xa),
    (0x1ecb, 0x1ecb, 0x6),
    (0x1ecc, 0x1ecc, 0xa),
    (0x1ecd, 0x1ecd, 0x6),
    (0x1ece, 0x1ece, 0xa),
    (0x1ecf, 0x1ecf, 0x6),
    (0x1ed0, 0x1ed0, 0xa),
    (0x1ed1, 0x1ed1, 0x6),
    (0x1ed2, 0x1ed2, 0xa),
    (0x1ed3, 0x1ed3, 0x6),
    (0x1ed4, 0x1ed4, 0xa),
    (0x1ed5, 0x1ed5, 0x6),
    (0x1ed6, 0x1ed6, 0xa),
    (0x1ed7, 0x1ed7, 0x6),
    (0x1ed8, 0x1ed8, 0xa),
    (0x1ed9, 0x1ed9, 0x6),
    (0x1eda, 0x1eda, 0xa),
    (0x1edb, 0x1edb, 0x6),
    (0x1edc, 0x1edc, 0xa),
    (0x1edd, 0x1edd, 0x6),
    (0x1ede, 0x1ede, 0xa),
    (0x1edf, 0x1edf, 0x6),
    (0x1ee0, 0x1ee0, 0xa),
    (0x1ee1, 0x1ee1, 0x6),
    (0x1ee2, 0x1ee2, 0xa),
    (0x1ee3, 0x1ee3, 0x6),
    (0x1ee4, 0x1ee4, 0xa),
    (0x1ee5, 0x1ee5, 0x6),
    (0x1ee6, 0x1ee6, 0xa),
    (0x1ee7, 0x1ee7, 0x6),
    (0x1ee8, 0x1ee8, 0xa),
    (0x1ee9, 0x1ee9, 0x6),
    (0x1eea, 0x1eea, 0xa),
    (0x1eeb, 0x1eeb, 0x6),
    (0x1eec, 0x1eec, 0xa),
    (0x1eed, 0x1eed, 0x6),
    (0x1eee, 0x1eee, 0xa),
    (0x1eef, 0x1eef, 0x6),
    (0x1ef0, 0x1ef0, 0xa),
    (0x1ef1, 0x1ef1, 0x6),
    (0x1ef2, 0x1ef2, 0xa),
    (0x1ef3, 0x1ef3, 0x6),
    (0x1ef4, 0x1ef4, 0xa),
    (0x1ef5, 0x1ef5, 0x6),
    (0x1ef6, 0x1ef6, 0xa),
    (0x1ef7, 0x1ef7, 0x6),
    (0x1ef8, 0x1ef8, 0xa),
    (0x1ef9, 0x1ef9, 0x6),
    (0x1efa, 0x1efa, 0xa),
    (0x1efb, 0x1efb, 0x6),
    (0x1efc, 0x1efc, 0xa),
    (0x1efd, 0x1efd, 0x6),
    (0x1efe, 0x1efe, 0xa),
    (0x1eff, 0x1f07, 0x6),
    (0x1f08, 0x1f0f, 0xa),
    (0x1f10, 0x1f15, 0x6),
    (0x1f16, 0x1f17, 0x2),
    (0x1f18, 0x1f1d, 0xa),
    (0x1f1e, 0x1f1f, 0x2),
    (0x1f20, 0x1f27, 0x6),
    (0x1f28, 0x1f2f, 0xa),
    (0x1f30, 0x1f37, 0x6),
    (0x1f38, 0x1f3f, 0xa),
    (0x1f40, 0x1f45, 0x6),
    (0x1f46, 0x1f47, 0x2),
    (0x1f48, 0x1f4d, 0xa),
    (0x1f4e, 0x1f4f, 0x2),
    (0x1f50, 0x1f57, 0x6),
    (0x1f58, 0x1f58, 0x2),
    (0x1f59, 0x1f59, 0xa),
    (0x1f5a, 0x1f5a, 0x2),
    (0x1f5b, 0x1f5b, 0xa),
    (0x1f5c, 0x1f5c, 0x2),
    (0x1f5d, 0x1f5d, 0xa),
    (0x1f5e, 0x1f5e, 0x2),
    (0x1f5f, 0x1f5f, 0xa),
    (0x1f60, 0x1f67, 0x6),
    (0x1f68, 0x1f6f, 0xa),
    (0x1f70, 0x1f7d, 0x6),
    (0x1f7e, 0x1f7f, 0x2),
    (0x1f80, 0x1f87, 0x6),
    (0x1f88, 0x1f8f, 0x9),
    (0x1f90, 0x1f97, 0x6),
    (0x1f98, 0x1f9f, 0x9),
    (0x1fa0, 0x1fa7, 0x6),
    (0x1fa8, 0x1faf, 0x9),
    (0x1fb0, 0x1fb4, 0x6),
    (0x1fb5, 0x1fb5, 0x2),
    (0x1fb6, 0x1fb7, 0x6),
    (0x1fb8, 0x1fbb, 0xa),
    (0x1fbc, 0x1fbc, 0x9),
    (0x1fbd, 0x1fbd, 0x19),
    (0x1fbe, 0x1fbe, 0x6),
    (0x1fbf, 0x1fc1, 0x19),
    (0x1fc2, 0x1fc4, 0x6),
    (0x1fc5, 0x1fc5, 0x2),
    (0x1fc6, 0x1fc7, 0x6),
    (0x1fc8, 0x1fcb, 0xa),
    (0x1fcc, 0x1fcc, 0x9),
    (0x1fcd, 0x1fcf, 0x19),
    (0x1fd0, 0x1fd3, 0x6),
    (0x1fd4, 0x1fd5, 0x2),
    (0x1fd6, 0x1fd7, 0x6),
    (0x1fd8, 0x1fdb, 0xa),
    (0x1fdc, 0x1fdc, 0x2),
    (0x1fdd, 0x1fdf, 0x19),
    (0x1fe0, 0x1fe7, 0x6),
    (0x1fe8, 0x1fec, 0xa),
    (0x1fed, 0x1fef, 0x19),
    (0x1ff0, 0x1ff1, 0x2),
    (0x1ff2, 0x1ff4, 0x6),
    (0x1ff5, 0x1ff5, 0x2),
    (0x1ff6, 0x1ff7, 0x6),
    (0x1ff8, 0x1ffb, 0xa),
    (0x1ffc, 0x1ffc, 0x9),
    (0x1ffd, 0x1ffe, 0x19),
    (0x1fff, 0x1fff, 0x2),
    (0x2000, 0x200a, 0x1e),
    (0x200b, 0x200f, 0x1),
    (0x2010, 0x2015, 0x12),
    (0x2016, 0x2017, 0x16),
    (0x2018, 0x2018, 0x15),
    (0x2019, 0x2019, 0x14),
    (0x201a, 0x201a, 0x17),
    (0x201b, 0x201c, 0x15),
    (0x201d, 0x201d, 0x14),
    (0x201e, 0x201e, 0x17),
    (0x201f, 0x201f, 0x15),
    (0x2020, 0x2027, 0x16),
    (0x2028, 0x2028, 0x1c),
    (0x2029, 0x2029, 0x1d),
    (0x202a, 0x202e, 0x1),
    (0x202f, 0x202f, 0x1e),
    (0x2030, 0x2038, 0x16),
    (0x2039, 0x2039, 0x15),
    (0x203a, 0x203a, 0x14),
    (0x203b, 0x203e, 0x16),
    (0x203f, 0x2040, 0x11),
    (0x2041, 0x2043, 0x16),
    (0x2044, 0x2044, 0x1a),
    (0x2045, 0x2045, 0x17),
    (0x2046, 0x2046, 0x13),
    (0x2047, 0x2051, 0x16),
    (0x2052, 0x2052, 0x1a),
    (0x2053, 0x2053, 0x16),
    (0x2054, 0x2054, 0x11),
    (0x2055, 0x205e, 0x16),
    (0x205f, 0x205f, 0x1e),
    (0x2060, 0x2064, 0x1),
    (0x2065, 0x2065, 0x2),
    (0x2066, 0x206f, 0x1),
    (0x2070, 0x2070, 0x10),
    (0x2071, 0x2071, 0x7),
    (0x2072, 0x2073, 0x2),
    (0x2074, 0x2079, 0x10),
    (0x207a, 0x207c, 0x1a),
    (0x207d, 0x207d, 0x17),
    (0x207e, 0x207e, 0x13),
    (0x207f, 0x207f, 0x7),
    (0x2080, 0x2089, 0x10),
    (0x208a, 0x208c, 0x1a),
    (0x208d, 0x208d, 0x17),
    (0x208e, 0x208e, 0x13),
    (0x208f, 0x208f, 0x2),
    (0x2090, 0x209c, 0x7),
    (0x209d, 0x209f, 0x2),
    (0x20a0, 0x20bf, 0x18),
    (0x20c0, 0x20cf, 0x2),
    (0x20d0, 0x20dc, 0xd),
    (0x20dd, 0x20e0, 0xc),
    (0x20e1, 0x20e1, 0xd),
    (0x20e2, 0x20e4, 0xc),
    (0x20e5, 0x20f0, 0xd),
    (0x20f1, 0x20ff, 0x2),
    (0x2100, 0x2101, 0x1b),
    (0x2102, 0x2102, 0xa),
    (0x2103, 0x2106, 0x1b),
    (0x2107, 0x2107, 0xa),
    (0x2108, 0x2109, 0x1b),
    (0x210a, 0x210a, 0x6),
    (0x210b, 0x210d, 0xa),
    (0x210e, 0x210f, 0x6),
    (0x2110, 0x2112, 0xa),
    (0x2113, 0x2113, 0x6),
    (0x2114, 0x2114, 0x1b),
    (0x2115, 0x2115, 0xa),
    (0x2116, 0x2117, 0x1b),
    (0x2118, 0x2118, 0x1a),
    (0x2119, 0x211d, 0xa),
    (0x211e, 0x2123, 0x1b),
    (0x2124, 0x2124, 0xa),
    (0x2125, 0x2125, 0x1b),
    (0x2126, 0x2126, 0xa),
    (0x2127, 0x2127, 0x1b),
    (0x2128, 0x2128, 0xa),
    (0x2129, 0x2129, 0x1b),
    (0x212a, 0x212d, 0xa),
    (0x212e, 0x212e, 0x1b),
    (0x212f, 0x212f, 0x6),
    (0x2130, 0x2133, 0xa),
    (0x2134, 0x2134, 0x6),
    (0x2135, 0x2138, 0x8),
    (0x2139, 0x2139, 0x6),
    (0x213a, 0x213b, 0x1b),
    (0x213c, 0x213d, 0x6),
    (0x213e, 0x213f, 0xa),
    (0x2140, 0x2144, 0x1a),
    (0x2145, 0x2145, 0xa),
    (0x2146, 0x2149, 0x6),
    (0x214a, 0x214a, 0x1b),
    (0x214b, 0x214b, 0x1a),
    (0x214c, 0x214d, 0x1b),
    (0x214e, 0x214e, 0x6),
    (0x214f, 0x214f, 0x1b),
    (0x2150, 0x215f, 0x10),
    (0x2160, 0x2182, 0xf),
    (0x2183, 0x2183, 0xa),
    (0x2184, 0x2184, 0x6),
    (0x2185, 0x2188, 0xf),
    (0x2189, 0x2189, 0x10),
    (0x218a, 0x218b, 0x1b),
    (0x218c, 0x218f, 0x2),
    (0x2190, 0x2194, 0x1a),
    (0x2195, 0x2199, 0x1b),
    (0x219a, 0x219b, 0x1a),
    (0x219c, 0x219f, 0x1b),
    (0x21a0, 0x21a0, 0x1a),
    (0x21a1, 0x21a2, 0x1b),
    (0x21a3, 0x21a3, 0x1a),
    (0x21a4, 0x21a5, 0x1b),
    (0x21a6, 0x21a6, 0x1a),
    (0x21a7, 0x21ad, 0x1b),
    (0x21ae, 0x21ae, 0x1a),
    (0x21af, 0x21cd, 0x1b),
    (0x21ce, 0x21cf, 0x1a),
    (0x21d0, 0x21d1, 0x1b),
    (0x21d2, 0x21d2, 0x1a),
    (0x21d3, 0x21d3, 0x1b),
    (0x21d4, 0x21d4, 0x1a),
    (0x21d5, 0x21f3, 0x1b),
    (0x21f4, 0x22ff, 0x1a),
    (0x2300, 0x2307, 0x1b),
    (0x2308, 0x2308, 0x17),
    (0x2309, 0x2309, 0x13),
    (0x230a, 0x230a, 0x17),
    (0x230b, 0x230b, 0x13),
    (0x230c, 0x231f, 0x1b),
    (0x2320, 0x2321, 0x1a),
    (0x2322, 0x2328, 0x1b),
    (0x2329, 0x2329, 0x17),
    (0x232a, 0x232a, 0x13),
    (0x232b, 0x237b, 0x1b),
    (0x237c, 0x237c, 0x1a),
    (0x237d, 0x239a, 0x1b),
    (0x239b, 0x23b3, 0x1a),
    (0x23b4, 0x23db, 0x1b),
    (0x23dc, 0x23e1, 0x1a),
    (0x23e2, 0x2426, 0x1b),
    (0x2427, 0x243f, 0x2),
    (0x2440, 0x244a, 0x1b),
    (0x244b, 0x245f, 0x2),
    (0x2460, 0x249b, 0x10),
    (0x249c, 0x24e9, 0x1b),
    (0x24ea, 0x24ff, 0x10),
    (0x2500, 0x25b6, 0x1b),
    (0x25b7, 0x25b7, 0x1a),
    (0x25b8, 0x25c0, 0x1b),
    (0x25c1, 0x25c1, 0x1a),
    (0x25c2, 0x25f7, 0x1b),
    (0x25f8, 0x25ff, 0x1a),
    (0x2600, 0x266e, 0x1b),
    (0x266f, 0x266f, 0x1a),
    (0x2670, 0x2767, 0x1b),
    (0x2768, 0x2768, 0x17),
    (0x2769, 0x2769, 0x13),
    (0x276a, 0x276a, 0x17),
    (0x276b, 0x276b, 0x13),
    (0x276c, 0x276c, 0x17),
    (0x276d, 0x276d, 0x13),
    (0x276e, 0x276e, 0x17),
    (0x276f, 0x276f, 0x13),
    (0x2770, 0x2770, 0x17),
    (0x2771, 0x2771, 0x13),
    (0x2772, 0x2772, 0x17),
    (0x2773, 0x2773, 0x13),
    (0x2774, 0x2774, 0x17),
    (0x2775, 0x2775, 0x13),
    (0x2776, 0x2793, 0x10),
    (0x2794, 0x27bf, 0x1b),
    (0x27c0, 0x27c4, 0x1a),
    (0x27c5, 0x27c5, 0x17),
    (0x27c6, 0x27c6, 0x13),
    (0x27c7, 0x27e5, 0x1a),
    (0x27e6, 0x27e6, 0x17),
    (0x27e7, 0x27e7, 0x13),
    (0x27e8, 0x27e8, 0x17),
    (0x27e9, 0x27e9, 0x13),
    (0x27ea, 0x27ea, 0x17),
    (0x27eb, 0x27eb, 0x13),
    (0x27ec, 0x27ec, 0x17),
    (0x27ed, 0x27ed, 0x13),
    (0x27ee, 0x27ee, 0x17),
    (0x27ef, 0x27ef, 0x13),
    (0x27f0, 0x27ff, 0x1a),
    (0x2800, 0x28ff, 0x1b),
    (0x2900, 0x2982, 0x1a),
    (0x2983, 0x2983, 0x17),
    (0x2984, 0x2984, 0x13),
    (0x2985, 0x2985, 0x17),
    (0x2986, 0x2986, 0x13),
    (0x2987, 0x2987, 0x17),
    (0x2988, 0x2988, 0x13),
    (0x2989, 0x2989, 0x17),
    (0x298a, 0x298a, 0x13),
    (0x298b, 0x298b, 0x17),
    (0x298c, 0x298c, 0x13),
    (0x298d, 0x298d, 0x17),
    (0x298e, 0x298e, 0x13),
    (0x298f, 0x298f, 0x17),
    (0x2990, 0x2990, 0x13),
    (0x2991, 0x2991, 0x17),
    (0x2992, 0x2992, 0x13),
    (0x2993, 0x2993, 0x17),
    (0x2994, 0x2994, 0x13),
    (0x2995, 0x2995, 0x17),
    (0x2996, 0x2996, 0x13),
    (0x2997, 0x2997, 0x17),
    (0x2998, 0x2998, 0x13),
    (0x2999, 0x29d7, 0x1a),
    (0x29d8, 0x29d8, 0x17),
    (0x29d9, 0x29d9, 0x13),
    (0x29da, 0x29da, 0x17),
    (0x29db, 0x29db, 0x13),
    (0x29dc, 0x29fb, 0x1a),
    (0x29fc, 0x29fc, 0x17),
    (0x29fd, 0x29fd, 0x13),
    (0x29fe, 0x2aff, 0x1a),
    (0x2b00, 0x2b2f, 0x1b),
    (0x2b30, 0x2b44, 0x1a),
    (0x2b45, 0x2b46, 0x1b),
    (0x2b47, 0x2b4c, 0x1a),
    (0x2b4d, 0x2b73, 0x1b),
    (0x2b74, 0x2b75, 0x2),
    (0x2b76, 0x2b95, 0x1b),
    (0x2b96, 0x2b97, 0x2),
    (0x2b98, 0x2bc8, 0x1b),
    (0x2bc9, 0x2bc9, 0x2),
    (0x2bca, 0x2bfe, 0x1b),
    (0x2bff, 0x2bff, 0x2),
    (0x2c00, 0x2c2e, 0xa),
    (0x2c2f, 0x2c2f, 0x2),
    (0x2c30, 0x2c5e, 0x6),
    (0x2c5f, 0x2c5f, 0x2),
    (0x2c60, 0x2c60, 0xa),
    (0x2c61, 0x2c61, 0x6),
    (0x2c62, 0x2c64, 0xa),
    (0x2c65, 0x2c66, 0x6),
    (0x2c67, 0x2c67, 0xa),
    (0x2c68, 0x2c68, 0x6),
    (0x2c69, 0x2c69, 0xa),
    (0x2c6a, 0x2c6a, 0x6),
    (0x2c6b, 0x2c6b, 0xa),
    (0x2c6c, 0x2c6c, 0x6),
    (0x2c6d, 0x2c70, 0xa),
    (0x2c71, 0x2c71, 0x6),
    (0x2c72, 0x2c72, 0xa),
    (0x2c73, 0x2c74, 0x6),
    (0x2c75, 0x2c75, 0xa),
    (0x2c76, 0x2c7b, 0x6),
    (0x2c7c, 0x2c7d, 0x7),
    (0x2c7e, 0x2c80, 0xa),
    (0x2c81, 0x2c81, 0x6),
    (0x2c82, 0x2c82, 0xa),
    (0x2c83, 0x2c83, 0x6),
    (0x2c84, 0x2c84, 0xa),
    (0x2c85, 0x2c85, 0x6),
    (0x2c86, 0x2c86, 0xa),
    (0x2c87, 0x2c87, 0x6),
    (0x2c88, 0x2c88, 0xa),
    (0x2c89, 0x2c89, 0x6),
    (0x2c8a, 0x2c8a, 0xa),
    (0x2c8b, 0x2c8b, 0x6),
    (0x2c8c, 0x2c8c, 0xa),
    (0x2c8d, 0x2c8d, 0x6),
    (0x2c8e, 0x2c8e, 0xa),
    (0x2c8f, 0x2c8f, 0x6),
    (0x2c90, 0x2c90, 0xa),
    (0x2c91, 0x2c91, 0x6),
    (0x2c92, 0x2c92, 0xa),
    (0x2c93, 0x2c93, 0x6),
    (0x2c94, 0x2c94, 0xa),
    (0x2c95, 0x2c95, 0x6),
    (0x2c96, 0x2c96, 0xa),
    (0x2c97, 0x2c97, 0x6),
    (0x2c98, 0x2c98, 0xa),
    (0x2c99, 0x2c99, 0x6),
    (0x2c9a, 0x2c9a, 0xa),
    (0x2c9b, 0x2c9b, 0x6),
    (0x2c9c, 0x2c9c, 0xa),
    (0x2c9d, 0x2c9d, 0x6),
    (0x2c9e, 0x2c9e, 0xa),
    (0x2c9f, 0x2c9f, 0x6),
    (0x2ca0, 0x2ca0, 0xa),
    (0x2ca1, 0x2ca1, 0x6),
    (0x2ca2, 0x2ca2, 0xa),
    (0x2ca3, 0x2ca3, 0x6),
    (0x2ca4, 0x2ca4, 0xa),
    (0x2ca5, 0x2ca5, 0x6),
    (0x2ca6, 0x2ca6, 0xa),
    (0x2ca7, 0x2ca7, 0x6),
    (0x2ca8, 0x2ca8, 0xa),
    (0x2ca9, 0x2ca9, 0x6),
    (0x2caa, 0x2caa, 0xa),
    (0x2cab, 0x2cab, 0x6),
    (0x2cac, 0x2cac, 0xa),
    (0x2cad, 0x2cad, 0x6),
    (0x2cae, 0x2cae, 0xa),
    (0x2caf, 0x2caf, 0x6),
    (0x2cb0, 0x2cb0, 0xa),
    (0x2cb1, 0x2cb1, 0x6),
    (0x2cb2, 0x2cb2, 0xa),
    (0x2cb3, 0x2cb3, 0x6),
    (0x2cb4, 0x2cb4, 0xa),
    (0x2cb5, 0x2cb5, 0x6),
    (0x2cb6, 0x2cb6, 0xa),
    (0x2cb7, 0x2cb7, 0x6),
    (0x2cb8, 0x2cb8, 0xa),
    (0x2cb9, 0x2cb9, 0x6),
    (0x2cba, 0x2cba, 0xa),
    (0x2cbb, 0x2cbb, 0x6),
    (0x2cbc, 0x2cbc, 0xa),
    (0x2cbd, 0x2cbd, 0x6),
    (0x2cbe, 0x2cbe, 0xa),
    (0x2cbf, 0x2cbf, 0x6),
    (0x2cc0, 0x2cc0, 0xa),
    (0x2cc1, 0x2cc1, 0x6),
    (0x2cc2, 0x2cc2, 0xa),
    (0x2cc3, 0x2cc3, 0x6),
    (0x2cc4, 0x2cc4, 0xa),
    (0x2cc5, 0x2cc5, 0x6),
    (0x2cc6, 0x2cc6, 0xa),
    (0x2cc7, 0x2cc7, 0x6),
    (0x2cc8, 0x2cc8, 0xa),
    (0x2cc9, 0x2cc9, 0x6),
    (0x2cca, 0x2cca, 0xa),
    (0x2ccb, 0x2ccb, 0x6),
    (0x2ccc, 0x2ccc, 0xa),
    (0x2ccd, 0x2ccd, 0x6),
    (0x2cce, 0x2cce, 0xa),
    (0x2ccf, 0x2ccf, 0x6),
    (0x2cd0, 0x2cd0, 0xa),
    (0x2cd1, 0x2cd1, 0x6),
    (0x2cd2, 0x2cd2, 0xa),
    (0x2cd3, 0x2cd3, 0x6),
    (0x2cd4, 0x2cd4, 0xa),
    (0x2cd5, 0x2cd5, 0x6),
    (0x2cd6, 0x2cd6, 0xa),
    (0x2cd7, 0x2cd7, 0x6),
    (0x2cd8, 0x2cd8, 0xa),
    (0x2cd9, 0x2cd9, 0x6),
    (0x2cda, 0x2cda, 0xa),
    (0x2cdb, 0x2cdb, 0x6),
    (0x2cdc, 0x2cdc, 0xa),
    (0x2cdd, 0x2cdd, 0x6),
    (0x2cde, 0x2cde, 0xa),
    (0x2cdf, 0x2cdf, 0x6),
    (0x2ce0, 0x2ce0, 0xa),
    (0x2ce1, 0x2ce1, 0x6),
    (0x2ce2, 0x2ce2, 0xa),
    (0x2ce3, 0x2ce4, 0x6),
    (0x2ce5, 0x2cea, 0x1b),
    (0x2ceb, 0x2ceb, 0xa),
    (0x2cec, 0x2cec, 0x6),
    (0x2ced, 0x2ced, 0xa),
    (0x2cee, 0x2cee, 0x6),
    (0x2cef, 0x2cf1, 0xd),
    (0x2cf2, 0x2cf2, 0xa),
    (0x2cf3, 0x2cf3, 0x6),
    (0x2cf4, 0x2cf8, 0x2),
    (0x2cf9, 0x2cfc, 0x16),
    (0x2cfd, 0x2cfd, 0x10),
    (0x2cfe, 0x2cff, 0x16),
    (0x2d00, 0x2d25, 0x6),
    (0x2d26, 0x2d26, 0x2),
    (0x2d27, 0x2d27, 0x6),
    (0x2d28, 0x2d2c, 0x2),
    (0x2d2d, 0x2d2d, 0x6),
    (0x2d2e, 0x2d2f, 0x2),
    (0x2d30, 0x2d67, 0x8),
    (0x2d68, 0x2d6e, 0x2),
    (0x2d6f, 0x2d6f, 0x7),
    (0x2d70, 0x2d70, 0x16),
    (0x2d71, 0x2d7e, 0x2),
    (0x2d7f, 0x2d7f, 0xd),
    (0x2d80, 0x2d96, 0x8),
    (0x2d97, 0x2d9f, 0x2),
    (0x2da0, 0x2da6, 0x8),
    (0x2da7, 0x2da7, 0x2),
    (0x2da8, 0x2dae, 0x8),
    (0x2daf, 0x2daf, 0x2),
    (0x2db0, 0x2db6, 0x8),
    (0x2db7, 0x2db7, 0x2),
    (0x2db8, 0x2dbe, 0x8),
    (0x2dbf, 0x2dbf, 0x2),
    (0x2dc0, 0x2dc6, 0x8),
    (0x2dc7, 0x2dc7, 0x2),
    (0x2dc8, 0x2dce, 0x8),
    (0x2dcf, 0x2dcf, 0x2),
    (0x2dd0, 0x2dd6, 0x8),
    (0x2dd7, 0x2dd7, 0x2),
    (0x2dd8, 0x2dde, 0x8),
    (0x2ddf, 0x2ddf, 0x2),
    (0x2de0, 0x2dff, 0xd),
    (0x2e00, 0x2e01, 0x16),
    (0x2e02, 0x2e02, 0x15),
    (0x2e03, 0x2e03, 0x14),
    (0x2e04, 0x2e04, 0x15),
    (0x2e05, 0x2e05, 0x14),
    (0x2e06, 0x2e08, 0x16),
    (0x2e09, 0x2e09, 0x15),
    (0x2e0a, 0x2e0a, 0x14),
    (0x2e0b, 0x2e0b, 0x16),
    (0x2e0c, 0x2e0c, 0x15),
    (0x2e0d, 0x2e0d, 0x14),
    (0x2e0e, 0x2e16, 0x16),
    (0x2e17, 0x2e17, 0x12),
    (0x2e18, 0x2e19, 0x16),
    (0x2e1a, 0x2e1a, 0x12),
    (0x2e1b, 0x2e1b, 0x16),
    (0x2e1c, 0x2e1c, 0x15),
    (0x2e1d, 0x2e1d, 0x14),
    (0x2e1e, 0x2e1f, 0x16),
    (0x2e20, 0x2e20, 0x15),
    (0x2e21, 0x2e21, 0x14),
    (0x2e22, 0x2e22, 0x17),
    (0x2e23, 0x2e23, 0x13),
    (0x2e24, 0x2e24, 0x17),
    (0x2e25, 0x2e25, 0x13),
    (0x2e26, 0x2e26, 0x17),
    (0x2e27, 0x2e27, 0x13),
    (0x2e28, 0x2e28, 0x17),
    (0x2e29, 0x2e29, 0x13),
    (0x2e2a, 0x2e2e, 0x16),
    (0x2e2f, 0x2e2f, 0x7),
    (0x2e30, 0x2e39, 0x16),
    (0x2e3a, 0x2e3b, 0x12),
    (0x2e3c, 0x2e3f, 0x16),
    (0x2e40, 0x2e40, 0x12),
    (0x2e41, 0x2e41, 0x16),
    (0x2e42, 0x2e42, 0x17),
    (0x2e43, 0x2e4e, 0x16),
    (0x2e4f, 0x2e7f, 0x2),
    (0x2e80, 0x2e99, 0x1b),
    (0x2e9a, 0x2e9a, 0x2),
    (0x2e9b, 0x2ef3, 0x1b),
    (0x2ef4, 0x2eff, 0x2),
    (0x2f00, 0x2fd5, 0x1b),
    (0x2fd6, 0x2fef, 0x2),
    (0x2ff0, 0x2ffb, 0x1b),
    (0x2ffc, 0x2fff, 0x2),
    (0x3000, 0x3000, 0x1e),
    (0x3001, 0x3003, 0x16),
    (0x3004, 0x3004, 0x1b),
    (0x3005, 0x3005, 0x7),
    (0x3006, 0x3006, 0x8),
    (0x3007, 0x3007, 0xf),
    (0x3008, 0x3008, 0x17),
    (0x3009, 0x3009, 0x13),
    (0x300a, 0x300a, 0x17),
    (0x300b, 0x300b, 0x13),
    (0x300c, 0x300c, 0x17),
    (0x300d, 0x300d, 0x13),
    (0x300e, 0x300e, 0x17),
    (0x300f, 0x300f, 0x13),
    (0x3010, 0x3010, 0x17),
    (0x3011, 0x3011, 0x13),
    (0x3012, 0x3013, 0x1b),
    (0x3014, 0x3014, 0x17),
    (0x3015, 0x3015, 0x13),
    (0x3016, 0x3016, 0x17),
    (0x3017, 0x3017, 0x13),
    (0x3018, 0x3018, 0x17),
    (0x3019, 0x3019, 0x13),
    (0x301a, 0x301a, 0x17),
    (0x301b, 0x301b, 0x13),
    (0x301c, 0x301c, 0x12),
    (0x301d, 0x301d, 0x17),
    (0x301e, 0x301f, 0x13),
    (0x3020, 0x3020, 0x1b),
    (0x3021, 0x3029, 0xf),
    (0x302a, 0x302d, 0xd),
    (0x302e, 0x302f, 0xb),
    (0x3030, 0x3030, 0x12),
    (0x3031, 0x3035, 0x7),
    (0x3036, 0x3037, 0x1b),
    (0x3038, 0x303a, 0xf),
    (0x303b, 0x303b, 0x7),
    (0x303c, 0x303c, 0x8),
    (0x303d, 0x303d, 0x16),
    (0x303e, 0x303f, 0x1b),
    (0x3040, 0x3040, 0x2),
    (0x3041, 0x3096, 0x8),
    (0x3097, 0x3098, 0x2),
    (0x3099, 0x309a, 0xd),
    (0x309b, 0x309c, 0x19),
    (0x309d, 0x309e, 0x7),
    (0x309f, 0x309f, 0x8),
    (0x30a0, 0x30a0, 0x12),
    (0x30a1, 0x30fa, 0x8),
    (0x30fb, 0x30fb, 0x16),
    (0x30fc, 0x30fe, 0x7),
    (0x30ff, 0x30ff, 0x8),
    (0x3100, 0x3104, 0x2),
    (0x3105, 0x312f, 0x8),
    (0x3130, 0x3130, 0x2),
    (0x3131, 0x318e, 0x8),
    (0x318f, 0x318f, 0x2),
    (0x3190, 0x3191, 0x1b),
    (0x3192, 0x3195, 0x10),
    (0x3196, 0x319f, 0x1b),
    (0x31a0, 0x31ba, 0x8),
    (0x31bb, 0x31bf, 0x2),
    (0x31c0, 0x31e3, 0x1b),
    (0x31e4, 0x31ef, 0x2),
    (0x31f0, 0x31ff, 0x8),
    (0x3200, 0x321e, 0x1b),
    (0x321f, 0x321f, 0x2),
    (0x3220, 0x3229, 0x10),
    (0x322a, 0x3247, 0x1b),
    (0x3248, 0x324f, 0x10),
    (0x3250, 0x3250, 0x1b),
    (0x3251, 0x325f, 0x10),
    (0x3260, 0x327f, 0x1b),
    (0x3280, 0x3289, 0x10),
    (0x328a, 0x32b0, 0x1b),
    (0x32b1, 0x32bf, 0x10),
    (0x32c0, 0x32fe, 0x1b),
    (0x32ff, 0x32ff, 0x2),
    (0x3300, 0x33ff, 0x1b),
    (0x3400, 0x4db5, 0x8),
    (0x4db6, 0x4dbf, 0x2),
    (0x4dc0, 0x4dff, 0x1b),
    (0x4e00, 0x9fef, 0x8),
    (0x9ff0, 0x9fff, 0x2),
    (0xa000, 0xa014, 0x8),
    (0xa015, 0xa015, 0x7),
    (0xa016, 0xa48c, 0x8),
    (0xa48d, 0xa48f, 0x2),
    (0xa490, 0xa4c6, 0x1b),
    (0xa4c7, 0xa4cf, 0x2),
    (0xa4d0, 0xa4f7, 0x8),
    (0xa4f8, 0xa4fd, 0x7),
    (0xa4fe, 0xa4ff, 0x16),
    (0xa500, 0xa60b, 0x8),
    (0xa60c, 0xa60c, 0x7),
    (0xa60d, 0xa60f, 0x16),
    (0xa610, 0xa61f, 0x8),
    (0xa620, 0xa629, 0xe),
    (0xa62a, 0xa62b, 0x8),
    (0xa62c, 0xa63f, 0x2),
    (0xa640, 0xa640, 0xa),
    (0xa641, 0xa641, 0x6),
    (0xa642, 0xa642, 0xa),
    (0xa643, 0xa643, 0x6),
    (0xa644, 0xa644, 0xa),
    (0xa645, 0xa645, 0x6),
    (0xa646, 0xa646, 0xa),
    (0xa647, 0xa647, 0x6),
    (0xa648, 0xa648, 0xa),
    (0xa649, 0xa649, 0x6),
    (0xa64a, 0xa64a, 0xa),
    (0xa64b, 0xa64b, 0x6),
    (0xa64c, 0xa64c, 0xa),
    (0xa64d, 0xa64d, 0x6),
    (0xa64e, 0xa64e, 0xa),
    (0xa64f, 0xa64f, 0x6),
    (0xa650, 0xa650, 0xa),
    (0xa651, 0xa651, 0x6),
    (0xa652, 0xa652, 0xa),
    (0xa653, 0xa653, 0x6),
    (0xa654, 0xa654, 0xa),
    (0xa655, 0xa655, 0x6),
    (0xa656, 0xa656, 0xa),
    (0xa657, 0xa657, 0x6),
    (0xa658, 0xa658, 0xa),
    (0xa659, 0xa659, 0x6),
    (0xa65a, 0xa65a, 0xa),
    (0xa65b, 0xa65b, 0x6),
    (0xa65c, 0xa65c, 0xa),
    (0xa65d, 0xa65d, 0x6),
    (0xa65e, 0xa65e, 0xa),
    (0xa65f, 0xa65f, 0x6),
    (0xa660, 0xa660, 0xa),
    (0xa661, 0xa661, 0x6),
    (0xa662, 0xa662, 0xa),
    (0xa663, 0xa663, 0x6),
    (0xa664, 0xa664, 0xa),
    (0xa665, 0xa665, 0x6),
    (0xa666, 0xa666, 0xa),
    (0xa667, 0xa667, 0x6),
    (0xa668, 0xa668, 0xa),
    (0xa669, 0xa669, 0x6),
    (0xa66a, 0xa66a, 0xa),
    (0xa66b, 0xa66b, 0x6),
    (0xa66c, 0xa66c, 0xa),
    (0xa66d, 0xa66d, 0x6),
    (0xa66e, 0xa66e, 0x8),
    (0xa66f, 0xa66f, 0xd),
    (0xa670, 0xa672, 0xc),
    (0xa673, 0xa673, 0x16),
    (0xa674, 0xa67d, 0xd),
    (0xa67e, 0xa67e, 0x16),
    (0xa67f, 0xa67f, 0x7),
    (0xa680, 0xa680, 0xa),
    (0xa681, 0xa681, 0x6),
    (0xa682, 0xa682, 0xa),
    (0xa683, 0xa683, 0x6),
    (0xa684, 0xa684, 0xa),
    (0xa685, 0xa685, 0x6),
    (0xa686, 0xa686, 0xa),
    (0xa687, 0xa687, 0x6),
    (0xa688, 0xa688, 0xa),
    (0xa689, 0xa689, 0x6),
    (0xa68a, 0xa68a, 0xa),
    (0xa68b, 0xa68b, 0x6),
    (0xa68c, 0xa68c, 0xa),
    (0xa68d, 0xa68d, 0x6),
    (0xa68e, 0xa68e, 0xa),
    (0xa68f, 0xa68f, 0x6),
    (0xa690, 0xa690, 0xa),
    (0xa691, 0xa691, 0x6),
    (0xa692, 0xa692, 0xa),
    (0xa693, 0xa693, 0x6),
    (0xa694, 0xa694, 0xa),
    (0xa695, 0xa695, 0x6),
    (0xa696, 0xa696, 0xa),
    (0xa697, 0xa697, 0x6),
    (0xa698, 0xa698, 0xa),
    (0xa699, 0xa699, 0x6),
    (0xa69a, 0xa69a, 0xa),
    (0xa69b, 0xa69b, 0x6),
    (0xa69c, 0xa69d, 0x7),
    (0xa69e, 0xa69f, 0xd),
    (0xa6a0, 0xa6e5, 0x8),
    (0xa6e6, 0xa6ef, 0xf),
    (0xa6f0, 0xa6f1, 0xd),
    (0xa6f2, 0xa6f7, 0x16),
    (0xa6f8, 0xa6ff, 0x2),
    (0xa700, 0xa716, 0x19),
    (0xa717, 0xa71f, 0x7),
    (0xa720, 0xa721, 0x19),
    (0xa722, 0xa722, 0xa),
    (0xa723, 0xa723, 0x6),
    (0xa724, 0xa724, 0xa),
    (0xa725, 0xa725, 0x6),
    (0xa726, 0xa726, 0xa),
    (0xa727, 0xa727, 0x6),
    (0xa728, 0xa728, 0xa),
    (0xa729, 0xa729, 0x6),
    (0xa72a, 0xa72a, 0xa),
    (0xa72b, 0xa72b, 0x6),
    (0xa72c, 0xa72c, 0xa),
    (0xa72d, 0xa72d, 0x6),
    (0xa72e, 0xa72e, 0xa),
    (0xa72f, 0xa731, 0x6),
    (0xa732, 0xa732, 0xa),
    (0xa733, 0xa733, 0x6),
    (0xa734, 0xa734, 0xa),
    (0xa735, 0xa735, 0x6),
    (0xa736, 0xa736, 0xa),
    (0xa737, 0xa737, 0x6),
    (0xa738, 0xa738, 0xa),
    (0xa739, 0xa739, 0x6),
    (0xa73a, 0xa73a, 0xa),
    (0xa73b, 0xa73b, 0x6),
    (0xa73c, 0xa73c, 0xa),
    (0xa73d, 0xa73d, 0x6),
    (0xa73e, 0xa73e, 0xa),
    (0xa73f, 0xa73f, 0x6),
    (0xa740, 0xa740, 0xa),
    (0xa741, 0xa741, 0x6),
    (0xa742, 0xa742, 0xa),
    (0xa743, 0xa743, 0x6),
    (0xa744, 0xa744, 0xa),
    (0xa745, 0xa745, 0x6),
    (0xa746, 0xa746, 0xa),
    (0xa747, 0xa747, 0x6),
    (0xa748, 0xa748, 0xa),
    (0xa749, 0xa749, 0x6),
    (0xa74a, 0xa74a, 0xa),
    (0xa74b, 0xa74b, 0x6),
    (0xa74c, 0xa74c, 0xa),
    (0xa74d, 0xa74d, 0x6),
    (0xa74e, 0xa74e, 0xa),
    (0xa74f, 0xa74f, 0x6),
    (0xa750, 0xa750, 0xa),
    (0xa751, 0xa751, 0x6),
    (0xa752, 0xa752, 0xa),
    (0xa753, 0xa753, 0x6),
    (0xa754, 0xa754, 0xa),
    (0xa755, 0xa755, 0x6),
    (0xa756, 0xa756, 0xa),
    (0xa757, 0xa757, 0x6),
    (0xa758, 0xa758, 0xa),
    (0xa759, 0xa759, 0x6),
    (0xa75a, 0xa75a, 0xa),
    (0xa75b, 0xa75b, 0x6),
    (0xa75c, 0xa75c, 0xa),
    (0xa75d, 0xa75d, 0x6),
    (0xa75e, 0xa75e, 0xa),
    (0xa75f, 0xa75f, 0x6),
    (0xa760, 0xa760, 0xa),
    (0xa761, 0xa761, 0x6),
    (0xa762, 0xa762, 0xa),
    (0xa763, 0xa763, 0x6),
    (0xa764, 0xa764, 0xa),
    (0xa765, 0xa765, 0x6),
    (0xa766, 0xa766, 0xa),
    (0xa767, 0xa767, 0x6),
    (0xa768, 0xa768, 0xa),
    (0xa769, 0xa769, 0x6),
    (0xa76a, 0xa76a, 0xa),
    (0xa76b, 0xa76b, 0x6),
    (0xa76c, 0xa76c, 0xa),
    (0xa76d, 0xa76d, 0x6),
    (0xa76e, 0xa76e, 0xa),
    (0xa76f, 0xa76f, 0x6),
    (0xa770, 0xa770, 0x7),
    (0xa771, 0xa778, 0x6),
    (0xa779, 0xa779, 0xa),
    (0xa77a, 0xa77a, 0x6),
    (0xa77b, 0xa77b, 0xa),
    (0xa77c, 0xa77c, 0x6),
    (0xa77d, 0xa77e, 0xa),
    (0xa77f, 0xa77f, 0x6),
    (0xa780, 0xa780, 0xa),
    (0xa781, 0xa781, 0x6),
    (0xa782, 0xa782, 0xa),
    (0xa783, 0xa783, 0x6),
    (0xa784, 0xa784, 0xa),
    (0xa785, 0xa785, 0x6),
    (0xa786, 0xa786, 0xa),
    (0xa787, 0xa787, 0x6),
    (0xa788, 0xa788, 0x7),
    (0xa789, 0xa78a, 0x19),
    (0xa78b, 0xa78b, 0xa),
    (0xa78c, 0xa78c, 0x6),
    (0xa78d, 0xa78d, 0xa),
    (0xa78e, 0xa78e, 0x6),
    (0xa78f, 0xa78f, 0x8),
    (0xa790, 0xa790, 0xa),
    (0xa791, 0xa791, 0x6),
    (0xa792, 0xa792, 0xa),
    (0xa793, 0xa795, 0x6),
    (0xa796, 0xa796, 0xa),
    (0xa797, 0xa797, 0x6),
    (0xa798, 0xa798, 0xa),
    (0xa799, 0xa799, 0x6),
    (0xa79a, 0xa79a, 0xa),
    (0xa79b, 0xa79b, 0x6),
    (0xa79c, 0xa79c, 0xa),
    (0xa79d, 0xa79d, 0x6),
    (0xa79e, 0xa79e, 0xa),
    (0xa79f, 0xa79f, 0x6),
    (0xa7a0, 0xa7a0, 0xa),
    (0xa7a1, 0xa7a1, 0x6),
    (0xa7a2, 0xa7a2, 0xa),
    (0xa7a3, 0xa7a3, 0x6),
    (0xa7a4, 0xa7a4, 0xa),
    (0xa7a5, 0xa7a5, 0x6),
    (0xa7a6, 0xa7a6, 0xa),
    (0xa7a7, 0xa7a7, 0x6),
    (0xa7a8, 0xa7a8, 0xa),
    (0xa7a9, 0xa7a9, 0x6),
    (0xa7aa, 0xa7ae, 0xa),
    (0xa7af, 0xa7af, 0x6),
    (0xa7b0, 0xa7b4, 0xa),
    (0xa7b5, 0xa7b5, 0x6),
    (0xa7b6, 0xa7b6, 0xa),
    (0xa7b7, 0xa7b7, 0x6),
    (0xa7b8, 0xa7b8, 0xa),
    (0xa7b9, 0xa7b9, 0x6),
    (0xa7ba, 0xa7f6, 0x2),
    (0xa7f7, 0xa7f7, 0x8),
    (0xa7f8, 0xa7f9, 0x7),
    (0xa7fa, 0xa7fa, 0x6),
    (0xa7fb, 0xa801, 0x8),
    (0xa802, 0xa802, 0xd),
    (0xa803, 0xa805, 0x8),
    (0xa806, 0xa806, 0xd),
    (0xa807, 0xa80a, 0x8),
    (0xa80b, 0xa80b, 0xd),
    (0xa80c, 0xa822, 0x8),
    (0xa823, 0xa824, 0xb),
    (0xa825, 0xa826, 0xd),
    (0xa827, 0xa827, 0xb),
    (0xa828, 0xa82b, 0x1b),
    (0xa82c, 0xa82f, 0x2),
    (0xa830, 0xa835, 0x10),
    (0xa836, 0xa837, 0x1b),
    (0xa838, 0xa838, 0x18),
    (0xa839, 0xa839, 0x1b),
    (0xa83a, 0xa83f, 0x2),
    (0xa840, 0xa873, 0x8),
    (0xa874, 0xa877, 0x16),
    (0xa878, 0xa87f, 0x2),
    (0xa880, 0xa881, 0xb),
    (0xa882, 0xa8b3, 0x8),
    (0xa8b4, 0xa8c3, 0xb),
    (0xa8c4, 0xa8c5, 0xd),
    (0xa8c6, 0xa8cd, 0x2),
    (0xa8ce, 0xa8cf, 0x16),
    (0xa8d0, 0xa8d9, 0xe),
    (0xa8da, 0xa8df, 0x2),
    (0xa8e0, 0xa8f1, 0xd),
    (0xa8f2, 0xa8f7, 0x8),
    (0xa8f8, 0xa8fa, 0x16),
    (0xa8fb, 0xa8fb, 0x8),
    (0xa8fc, 0xa8fc, 0x16),
    (0xa8fd, 0xa8fe, 0x8),
    (0xa8ff, 0xa8ff, 0xd),
    (0xa900, 0xa909, 0xe),
    (0xa90a, 0xa925, 0x8),
    (0xa926, 0xa92d, 0xd),
    (0xa92e, 0xa92f, 0x16),
    (0xa930, 0xa946, 0x8),
    (0xa947, 0xa951, 0xd),
    (0xa952, 0xa953, 0xb),
    (0xa954, 0xa95e, 0x2),
    (0xa95f, 0xa95f, 0x16),
    (0xa960, 0xa97c, 0x8),
    (0xa97d, 0xa97f, 0x2),
    (0xa980, 0xa982, 0xd),
    (0xa983, 0xa983, 0xb),
    (0xa984, 0xa9b2, 0x8),
    (0xa9b3, 0xa9b3, 0xd),
    (0xa9b4, 0xa9b5, 0xb),
    (0xa9b6, 0xa9b9, 0xd),
    (0xa9ba, 0xa9bb, 0xb),
    (0xa9bc, 0xa9bc, 0xd),
    (0xa9bd, 0xa9c0, 0xb),
    (0xa9c1, 0xa9cd, 0x16),
    (0xa9ce, 0xa9ce, 0x2),
    (0xa9cf, 0xa9cf, 0x7),
    (0xa9d0, 0xa9d9, 0xe),
    (0xa9da, 0xa9dd, 0x2),
    (0xa9de, 0xa9df, 0x16),
    (0xa9e0, 0xa9e4, 0x8),
    (0xa9e5, 0xa9e5, 0xd),
    (0xa9e6, 0xa9e6, 0x7),
    (0xa9e7, 0xa9ef, 0x8),
    (0xa9f0, 0xa9f9, 0xe),
    (0xa9fa, 0xa9fe, 0x8),
    (0xa9ff, 0xa9ff, 0x2),
    (0xaa00, 0xaa28, 0x8),
    (0xaa29, 0xaa2e, 0xd),
    (0xaa2f, 0xaa30, 0xb),
    (0xaa31, 0xaa32, 0xd),
    (0xaa33, 0xaa34, 0xb),
    (0xaa35, 0xaa36, 0xd),
    (0xaa37, 0xaa3f, 0x2),
    (0xaa40, 0xaa42, 0x8),
    (0xaa43, 0xaa43, 0xd),
    (0xaa44, 0xaa4b, 0x8),
    (0xaa4c, 0xaa4c, 0xd),
    (0xaa4d, 0xaa4d, 0xb),
    (0xaa4e, 0xaa4f, 0x2),
    (0xaa50, 0xaa59, 0xe),
    (0xaa5a, 0xaa5b, 0x2),
    (0xaa5c, 0xaa5f, 0x16),
    (0xaa60, 0xaa6f, 0x8),
    (0xaa70, 0xaa70, 0x7),
    (0xaa71, 0xaa76, 0x8),
    (0xaa77, 0xaa79, 0x1b),
    (0xaa7a, 0xaa7a, 0x8),
    (0xaa7b, 0xaa7b, 0xb),
    (0xaa7c, 0xaa7c, 0xd),
    (0xaa7d, 0xaa7d, 0xb),
    (0xaa7e, 0xaaaf, 0x8),
    (0xaab0, 0xaab0, 0xd),
    (0xaab1, 0xaab1, 0x8),
    (0xaab2, 0xaab4, 0xd),
    (0xaab5, 0xaab6, 0x8),
    (0xaab7, 0xaab8, 0xd),
    (0xaab9, 0xaabd, 0x8),
    (0xaabe, 0xaabf, 0xd),
    (0xaac0, 0xaac0, 0x8),
    (0xaac1, 0xaac1, 0xd),
    (0xaac2, 0xaac2, 0x8),
    (0xaac3, 0xaada, 0x2),
    (0xaadb, 0xaadc, 0x8),
    (0xaadd, 0xaadd, 0x7),
    (0xaade, 0xaadf, 0x16),
    (0xaae0, 0xaaea, 0x8),
    (0xaaeb, 0xaaeb, 0xb),
    (0xaaec, 0xaaed, 0xd),
    (0xaaee, 0xaaef, 0xb),
    (0xaaf0, 0xaaf1, 0x16),
    (0xaaf2, 0xaaf2, 0x8),
    (0xaaf3, 0xaaf4, 0x7),
    (0xaaf5, 0xaaf5, 0xb),
    (0xaaf6, 0xaaf6, 0xd),
    (0xaaf7, 0xab00, 0x2),
    (0xab01, 0xab06, 0x8),
    (0xab07, 0xab08, 0x2),
    (0xab09, 0xab0e, 0x8),
    (0xab0f, 0xab10, 0x2),
    (0xab11, 0xab16, 0x8),
    (0xab17, 0xab1f, 0x2),
    (0xab20, 0xab26, 0x8),
    (0xab27, 0xab27, 0x2),
    (0xab28, 0xab2e, 0x8),
    (0xab2f, 0xab2f, 0x2),
    (0xab30, 0xab5a, 0x6),
    (0xab5b, 0xab5b, 0x19),
    (0xab5c, 0xab5f, 0x7),
    (0xab60, 0xab65, 0x6),
    (0xab66, 0xab6f, 0x2),
    (0xab70, 0xabbf, 0x6),
    (0xabc0, 0xabe2, 0x8),
    (0xabe3, 0xabe4, 0xb),
    (0xabe5, 0xabe5, 0xd),
    (0xabe6, 0xabe7, 0xb),
    (0xabe8, 0xabe8, 0xd),
    (0xabe9, 0xabea, 0xb),
    (0xabeb, 0xabeb, 0x16),
    (0xabec, 0xabec, 0xb),
    (0xabed, 0xabed, 0xd),
    (0xabee, 0xabef, 0x2),
    (0xabf0, 0xabf9, 0xe),
    (0xabfa, 0xabff, 0x2),
    (0xac00, 0xd7a3, 0x8),
    (0xd7a4, 0xd7af, 0x2),
    (0xd7b0, 0xd7c6, 0x8),
    (0xd7c7, 0xd7ca, 0x2),
    (0xd7cb, 0xd7fb, 0x8),
    (0xd7fc, 0xd7ff, 0x2),
    (0xd800, 0xdfff, 0x4),
    (0xe000, 0xf8ff, 0x3),
    (0xf900, 0xfa6d, 0x8),
    (0xfa6e, 0xfa6f, 0x2),
    (0xfa70, 0xfad9, 0x8),
    (0xfada, 0xfaff, 0x2),
    (0xfb00, 0xfb06, 0x6),
    (0xfb07, 0xfb12, 0x2),
    (0xfb13, 0xfb17, 0x6),
    (0xfb18, 0xfb1c, 0x2),
    (0xfb1d, 0xfb1d, 0x8),
    (0xfb1e, 0xfb1e, 0xd),
    (0xfb1f, 0xfb28, 0x8),
    (0xfb29, 0xfb29, 0x1a),
    (0xfb2a, 0xfb36, 0x8),
    (0xfb37, 0xfb37, 0x2),
    (0xfb38, 0xfb3c, 0x8),
    (0xfb3d, 0xfb3d, 0x2),
    (0xfb3e, 0xfb3e, 0x8),
    (0xfb3f, 0xfb3f, 0x2),
    (0xfb40, 0xfb41, 0x8),
    (0xfb42, 0xfb42, 0x2),
    (0xfb43, 0xfb44, 0x8),
    (0xfb45, 0xfb45, 0x2),
    (0xfb46, 0xfbb1, 0x8),
    (0xfbb2, 0xfbc1, 0x19),
    (0xfbc2, 0xfbd2, 0x2),
    (0xfbd3, 0xfd3d, 0x8),
    (0xfd3e, 0xfd3e, 0x13),
    (0xfd3f, 0xfd3f, 0x17),
    (0xfd40, 0xfd4f, 0x2),
    (0xfd50, 0xfd8f, 0x8),
    (0xfd90, 0xfd91, 0x2),
    (0xfd92, 0xfdc7, 0x8),
    (0xfdc8, 0xfdef, 0x2),
    (0xfdf0, 0xfdfb, 0x8),
    (0xfdfc, 0xfdfc, 0x18),
    (0xfdfd, 0xfdfd, 0x1b),
    (0xfdfe, 0xfdff, 0x2),
    (0xfe00, 0xfe0f, 0xd),
    (0xfe10, 0xfe16, 0x16),
    (0xfe17, 0xfe17, 0x17),
    (0xfe18, 0xfe18, 0x13),
    (0xfe19, 0xfe19, 0x16),
    (0xfe1a, 0xfe1f, 0x2),
    (0xfe20, 0xfe2f, 0xd),
    (0xfe30, 0xfe30, 0x16),
    (0xfe31, 0xfe32, 0x12),
    (0xfe33, 0xfe34, 0x11),
    (0xfe35, 0xfe35, 0x17),
    (0xfe36, 0xfe36, 0x13),
    (0xfe37, 0xfe37, 0x17),
    (0xfe38, 0xfe38, 0x13),
    (0xfe39, 0xfe39, 0x17),
    (0xfe3a, 0xfe3a, 0x13),
    (0xfe3b, 0xfe3b, 0x17),
    (0xfe3c, 0xfe3c, 0x13),
    (0xfe3d, 0xfe3d, 0x17),
    (0xfe3e, 0xfe3e, 0x13),
    (0xfe3f, 0xfe3f, 0x17),
    (0xfe40, 0xfe40, 0x13),
    (0xfe41, 0xfe41, 0x17),
    (0xfe42, 0xfe42, 0x13),
    (0xfe43, 0xfe43, 0x17),
    (0xfe44, 0xfe44, 0x13),
    (0xfe45, 0xfe46, 0x16),
    (0xfe47, 0xfe47, 0x17),
    (0xfe48, 0xfe48, 0x13),
    (0xfe49, 0xfe4c, 0x16),
    (0xfe4d, 0xfe4f, 0x11),
    (0xfe50, 0xfe52, 0x16),
    (0xfe53, 0xfe53, 0x2),
    (0xfe54, 0xfe57, 0x16),
    (0xfe58, 0xfe58, 0x12),
    (0xfe59, 0xfe59, 0x17),
    (0xfe5a, 0xfe5a, 0x13),
    (0xfe5b, 0xfe5b, 0x17),
    (0xfe5c, 0xfe5c, 0x13),
    (0xfe5d, 0xfe5d, 0x17),
    (0xfe5e, 0xfe5e, 0x13),
    (0xfe5f, 0xfe61, 0x16),
    (0xfe62, 0xfe62, 0x1a),
    (0xfe63, 0xfe63, 0x12),
    (0xfe64, 0xfe66, 0x1a),
    (0xfe67, 0xfe67, 0x2),
    (0xfe68, 0xfe68, 0x16),
    (0xfe69, 0xfe69, 0x18),
    (0xfe6a, 0xfe6b, 0x16),
    (0xfe6c, 0xfe6f, 0x2),
    (0xfe70, 0xfe74, 0x8),
    (0xfe75, 0xfe75, 0x2),
    (0xfe76, 0xfefc, 0x8),
    (0xfefd, 0xfefe, 0x2),
    (0xfeff, 0xfeff, 0x1),
    (0xff00, 0xff00, 0x2),
    (0xff01, 0xff03, 0x16),
    (0xff04, 0xff04, 0x18),
    (0xff05, 0xff07, 0x16),
    (0xff08, 0xff08, 0x17),
    (0xff09, 0xff09, 0x13),
    (0xff0a, 0xff0a, 0x16),
    (0xff0b, 0xff0b, 0x1a),
    (0xff0c, 0xff0c, 0x16),
    (0xff0d, 0xff0d, 0x12),
    (0xff0e, 0xff0f, 0x16),
    (0xff10, 0xff19, 0xe),
    (0xff1a, 0xff1b, 0x16),
    (0xff1c, 0xff1e, 0x1a),
    (0xff1f, 0xff20, 0x16),
    (0xff21, 0xff3a, 0xa),
    (0xff3b, 0xff3b, 0x17),
    (0xff3c, 0xff3c, 0x16),
    (0xff3d, 0xff3d, 0x13),
    (0xff3e, 0xff3e, 0x19),
    (0xff3f, 0xff3f, 0x11),
    (0xff40, 0xff40, 0x19),
    (0xff41, 0xff5a, 0x6),
    (0xff5b, 0xff5b, 0x17),
    (0xff5c, 0xff5c, 0x1a),
    (0xff5d, 0xff5d, 0x13),
    (0xff5e, 0xff5e, 0x1a),
    (0xff5f, 0xff5f, 0x17),
    (0xff60, 0xff60, 0x13),
    (0xff61, 0xff61, 0x16),
    (0xff62, 0xff62, 0x17),
    (0xff63, 0xff63, 0x13),
    (0xff64, 0xff65, 0x16),
    (0xff66, 0xff6f, 0x8),
    (0xff70, 0xff70, 0x7),
    (0xff71, 0xff9d, 0x8),
    (0xff9e, 0xff9f, 0x7),
    (0xffa0, 0xffbe, 0x8),
    (0xffbf, 0xffc1, 0x2),
    (0xffc2, 0xffc7, 0x8),
    (0xffc8, 0xffc9, 0x2),
    (0xffca, 0xffcf, 0x8),
    (0xffd0, 0xffd1, 0x2),
    (0xffd2, 0xffd7, 0x8),
    (0xffd8, 0xffd9, 0x2),
    (0xffda, 0xffdc, 0x8),
    (0xffdd, 0xffdf, 0x2),
    (0xffe0, 0xffe1, 0x18),
    (0xffe2, 0xffe2, 0x1a),
    (0xffe3, 0xffe3, 0x19),
    (0xffe4, 0xffe4, 0x1b),
    (0xffe5, 0xffe6, 0x18),
    (0xffe7, 0xffe7, 0x2),
    (0xffe8, 0xffe8, 0x1b),
    (0xffe9, 0xffec, 0x1a),
    (0xffed, 0xffee, 0x1b),
    (0xffef, 0xfff8, 0x2),
    (0xfff9, 0xfffb, 0x1),
    (0xfffc, 0xfffd, 0x1b),
    (0xfffe, 0xffff, 0x2),
    (0x10000, 0x1000b, 0x8),
    (0x1000c, 0x1000c, 0x2),
    (0x1000d, 0x10026, 0x8),
    (0x10027, 0x10027, 0x2),
    (0x10028, 0x1003a, 0x8),
    (0x1003b, 0x1003b, 0x2),
    (0x1003c, 0x1003d, 0x8),
    (0x1003e, 0x1003e, 0x2),
    (0x1003f, 0x1004d, 0x8),
    (0x1004e, 0x1004f, 0x2),
    (0x10050, 0x1005d, 0x8),
    (0x1005e, 0x1007f, 0x2),
    (0x10080, 0x100fa, 0x8),
    (0x100fb, 0x100ff, 0x2),
    (0x10100, 0x10102, 0x16),
    (0x10103, 0x10106, 0x2),
    (0x10107, 0x10133, 0x10),
    (0x10134, 0x10136, 0x2),
    (0x10137, 0x1013f, 0x1b),
    (0x10140, 0x10174, 0xf),
    (0x10175, 0x10178, 0x10),
    (0x10179, 0x10189, 0x1b),
    (0x1018a, 0x1018b, 0x10),
    (0x1018c, 0x1018e, 0x1b),
    (0x1018f, 0x1018f, 0x2),
    (0x10190, 0x1019b, 0x1b),
    (0x1019c, 0x1019f, 0x2),
    (0x101a0, 0x101a0, 0x1b),
    (0x101a1, 0x101cf, 0x2),
    (0x101d0, 0x101fc, 0x1b),
    (0x101fd, 0x101fd, 0xd),
    (0x101fe, 0x1027f, 0x2),
    (0x10280, 0x1029c, 0x8),
    (0x1029d, 0x1029f, 0x2),
    (0x102a0, 0x102d0, 0x8),
    (0x102d1, 0x102df, 0x2),
    (0x102e0, 0x102e0, 0xd),
    (0x102e1, 0x102fb, 0x10),
    (0x102fc, 0x102ff, 0x2),
    (0x10300, 0x1031f, 0x8),
    (0x10320, 0x10323, 0x10),
    (0x10324, 0x1032c, 0x2),
    (0x1032d, 0x10340, 0x8),
    (0x10341, 0x10341, 0xf),
    (0x10342, 0x10349, 0x8),
    (0x1034a, 0x1034a, 0xf),
    (0x1034b, 0x1034f, 0x2),
    (0x10350, 0x10375, 0x8),
    (0x10376, 0x1037a, 0xd),
    (0x1037b, 0x1037f, 0x2),
    (0x10380, 0x1039d, 0x8),
    (0x1039e, 0x1039e, 0x2),
    (0x1039f, 0x1039f, 0x16),
    (0x103a0, 0x103c3, 0x8),
    (0x103c4, 0x103c7, 0x2),
    (0x103c8, 0x103cf, 0x8),
    (0x103d0, 0x103d0, 0x16),
    (0x103d1, 0x103d5, 0xf),
    (0x103d6, 0x103ff, 0x2),
    (0x10400, 0x10427, 0xa),
    (0x10428, 0x1044f, 0x6),
    (0x10450, 0x1049d, 0x8),
    (0x1049e, 0x1049f, 0x2),
    (0x104a0, 0x104a9, 0xe),
    (0x104aa, 0x104af, 0x2),
    (0x104b0, 0x104d3, 0xa),
    (0x104d4, 0x104d7, 0x2),
    (0x104d8, 0x104fb, 0x6),
    (0x104fc, 0x104ff, 0x2),
    (0x10500, 0x10527, 0x8),
    (0x10528, 0x1052f, 0x2),
    (0x10530, 0x10563, 0x8),
    (0x10564, 0x1056e, 0x2),
    (0x1056f, 0x1056f, 0x16),
    (0x10570, 0x105ff, 0x2),
    (0x10600, 0x10736, 0x8),
    (0x10737, 0x1073f, 0x2),
    (0x10740, 0x10755, 0x8),
    (0x10756, 0x1075f, 0x2),
    (0x10760, 0x10767, 0x8),
    (0x10768, 0x107ff, 0x2),
    (0x10800, 0x10805, 0x8),
    (0x10806, 0x10807, 0x2),
    (0x10808, 0x10808, 0x8),
    (0x10809, 0x10809, 0x2),
    (0x1080a, 0x10835, 0x8),
    (0x10836, 0x10836, 0x2),
    (0x10837, 0x10838, 0x8),
    (0x10839, 0x1083b, 0x2),
    (0x1083c, 0x1083c, 0x8),
    (0x1083d, 0x1083e, 0x2),
    (0x1083f, 0x10855, 0x8),
    (0x10856, 0x10856, 0x2),
    (0x10857, 0x10857, 0x16),
    (0x10858, 0x1085f, 0x10),
    (0x10860, 0x10876, 0x8),
    (0x10877, 0x10878, 0x1b),
    (0x10879, 0x1087f, 0x10),
    (0x10880, 0x1089e, 0x8),
    (0x1089f, 0x108a6, 0x2),
    (0x108a7, 0x108af, 0x10),
    (0x108b0, 0x108df, 0x2),
    (0x108e0, 0x108f2, 0x8),
    (0x108f3, 0x108f3, 0x2),
    (0x108f4, 0x108f5, 0x8),
    (0x108f6, 0x108fa, 0x2),
    (0x108fb, 0x108ff, 0x10),
    (0x10900, 0x10915, 0x8),
    (0x10916, 0x1091b, 0x10),
    (0x1091c, 0x1091e, 0x2),
    (0x1091f, 0x1091f, 0x16),
    (0x10920, 0x10939, 0x8),
    (0x1093a, 0x1093e, 0x2),
    (0x1093f, 0x1093f, 0x16),
    (0x10940, 0x1097f, 0x2),
    (0x10980, 0x109b7, 0x8),
    (0x109b8, 0x109bb, 0x2),
    (0x109bc, 0x109bd, 0x10),
    (0x109be, 0x109bf, 0x8),
    (0x109c0, 0x109cf, 0x10),
    (0x109d0, 0x109d1, 0x2),
    (0x109d2, 0x109ff, 0x10),
    (0x10a00, 0x10a00, 0x8),
    (0x10a01, 0x10a03, 0xd),
    (0x10a04, 0x10a04, 0x2),
    (0x10a05, 0x10a06, 0xd),
    (0x10a07, 0x10a0b, 0x2),
    (0x10a0c, 0x10a0f, 0xd),
    (0x10a10, 0x10a13, 0x8),
    (0x10a14, 0x10a14, 0x2),
    (0x10a15, 0x10a17, 0x8),
    (0x10a18, 0x10a18, 0x2),
    (0x10a19, 0x10a35, 0x8),
    (0x10a36, 0x10a37, 0x2),
    (0x10a38, 0x10a3a, 0xd),
    (0x10a3b, 0x10a3e, 0x2),
    (0x10a3f, 0x10a3f, 0xd),
    (0x10a40, 0x10a48, 0x10),
    (0x10a49, 0x10a4f, 0x2),
    (0x10a50, 0x10a58, 0x16),
    (0x10a59, 0x10a5f, 0x2),
    (0x10a60, 0x10a7c, 0x8),
    (0x10a7d, 0x10a7e, 0x10),
    (0x10a7f, 0x10a7f, 0x16),
    (0x10a80, 0x10a9c, 0x8),
    (0x10a9d, 0x10a9f, 0x10),
    (0x10aa0, 0x10abf, 0x2),
    (0x10ac0, 0x10ac7, 0x8),
    (0x10ac8, 0x10ac8, 0x1b),
    (0x10ac9, 0x10ae4, 0x8),
    (0x10ae5, 0x10ae6, 0xd),
    (0x10ae7, 0x10aea, 0x2),
    (0x10aeb, 0x10aef, 0x10),
    (0x10af0, 0x10af6, 0x16),
    (0x10af7, 0x10aff, 0x2),
    (0x10b00, 0x10b35, 0x8),
    (0x10b36, 0x10b38, 0x2),
    (0x10b39, 0x10b3f, 0x16),
    (0x10b40, 0x10b55, 0x8),
    (0x10b56, 0x10b57, 0x2),
    (0x10b58, 0x10b5f, 0x10),
    (0x10b60, 0x10b72, 0x8),
    (0x10b73, 0x10b77, 0x2),
    (0x10b78, 0x10b7f, 0x10),
    (0x10b80, 0x10b91, 0x8),
    (0x10b92, 0x10b98, 0x2),
    (0x10b99, 0x10b9c, 0x16),
    (0x10b9d, 0x10ba8, 0x2),
    (0x10ba9, 0x10baf, 0x10),
    (0x10bb0, 0x10bff, 0x2),
    (0x10c00, 0x10c48, 0x8),
    (0x10c49, 0x10c7f, 0x2),
    (0x10c80, 0x10cb2, 0xa),
    (0x10cb3, 0x10cbf, 0x2),
    (0x10cc0, 0x10cf2, 0x6),
    (0x10cf3, 0x10cf9, 0x2),
    (0x10cfa, 0x10cff, 0x10),
    (0x10d00, 0x10d23, 0x8),
    (0x10d24, 0x10d27, 0xd),
    (0x10d28, 0x10d2f, 0x2),
    (0x10d30, 0x10d39, 0xe),
    (0x10d3a, 0x10e5f, 0x2),
    (0x10e60, 0x10e7e, 0x10),
    (0x10e7f, 0x10eff, 0x2),
    (0x10f00, 0x10f1c, 0x8),
    (0x10f1d, 0x10f26, 0x10),
    (0x10f27, 0x10f27, 0x8),
    (0x10f28, 0x10f2f, 0x2),
    (0x10f30, 0x10f45, 0x8),
    (0x10f46, 0x10f50, 0xd),
    (0x10f51, 0x10f54, 0x10),
    (0x10f55, 0x10f59, 0x16),
    (0x10f5a, 0x10fff, 0x2),
    (0x11000, 0x11000, 0xb),
    (0x11001, 0x11001, 0xd),
    (0x11002, 0x11002, 0xb),
    (0x11003, 0x11037, 0x8),
    (0x11038, 0x11046, 0xd),
    (0x11047, 0x1104d, 0x16),
    (0x1104e, 0x11051, 0x2),
    (0x11052, 0x11065, 0x10),
    (0x11066, 0x1106f, 0xe),
    (0x11070, 0x1107e, 0x2),
    (0x1107f, 0x11081, 0xd),
    (0x11082, 0x11082, 0xb),
    (0x11083, 0x110af, 0x8),
    (0x110b0, 0x110b2, 0xb),
    (0x110b3, 0x110b6, 0xd),
    (0x110b7, 0x110b8, 0xb),
    (0x110b9, 0x110ba, 0xd),
    (0x110bb, 0x110bc, 0x16),
    (0x110bd, 0x110bd, 0x1),
    (0x110be, 0x110c1, 0x16),
    (0x110c2, 0x110cc, 0x2),
    (0x110cd, 0x110cd, 0x1),
    (0x110ce, 0x110cf, 0x2),
    (0x110d0, 0x110e8, 0x8),
    (0x110e9, 0x110ef, 0x2),
    (0x110f0, 0x110f9, 0xe),
    (0x110fa, 0x110ff, 0x2),
    (0x11100, 0x11102, 0xd),
    (0x11103, 0x11126, 0x8),
    (0x11127, 0x1112b, 0xd),
    (0x1112c, 0x1112c, 0xb),
    (0x1112d, 0x11134, 0xd),
    (0x11135, 0x11135, 0x2),
    (0x11136, 0x1113f, 0xe),
    (0x11140, 0x11143, 0x16),
    (0x11144, 0x11144, 0x8),
    (0x11145, 0x11146, 0xb),
    (0x11147, 0x1114f, 0x2),
    (0x11150, 0x11172, 0x8),
    (0x11173, 0x11173, 0xd),
    (0x11174, 0x11175, 0x16),
    (0x11176, 0x11176, 0x8),
    (0x11177, 0x1117f, 0x2),
    (0x11180, 0x11181, 0xd),
    (0x11182, 0x11182, 0xb),
    (0x11183, 0x111b2, 0x8),
    (0x111b3, 0x111b5, 0xb),
    (0x111b6, 0x111be, 0xd),
    (0x111bf, 0x111c0, 0xb),
    (0x111c1, 0x111c4, 0x8),
    (0x111c5, 0x111c8, 0x16),
    (0x111c9, 0x111cc, 0xd),
    (0x111cd, 0x111cd, 0x16),
    (0x111ce, 0x111cf, 0x2),
    (0x111d0, 0x111d9, 0xe),
    (0x111da, 0x111da, 0x8),
    (0x111db, 0x111db, 0x16),
    (0x111dc, 0x111dc, 0x8),
    (0x111dd, 0x111df, 0x16),
    (0x111e0, 0x111e0, 0x2),
    (0x111e1, 0x111f4, 0x10),
    (0x111f5, 0x111ff, 0x2),
    (0x11200, 0x11211, 0x8),
    (0x11212, 0x11212, 0x2),
    (0x11213, 0x1122b, 0x8),
    (0x1122c, 0x1122e, 0xb),
    (0x1122f, 0x11231, 0xd),
    (0x11232, 0x11233, 0xb),
    (0x11234, 0x11234, 0xd),
    (0x11235, 0x11235, 0xb),
    (0x11236, 0x11237, 0xd),
    (0x11238, 0x1123d, 0x16),
    (0x1123e, 0x1123e, 0xd),
    (0x1123f, 0x1127f, 0x2),
    (0x11280, 0x11286, 0x8),
    (0x11287, 0x11287, 0x2),
    (0x11288, 0x11288, 0x8),
    (0x11289, 0x11289, 0x2),
    (0x1128a, 0x1128d, 0x8),
    (0x1128e, 0x1128e, 0x2),
    (0x1128f, 0x1129d, 0x8),
    (0x1129e, 0x1129e, 0x2),
    (0x1129f, 0x112a8, 0x8),
    (0x112a9, 0x112a9, 0x16),
    (0x112aa, 0x112af, 0x2),
    (0x112b0, 0x112de, 0x8),
    (0x112df, 0x112df, 0xd),
    (0x112e0, 0x112e2, 0xb),
    (0x112e3, 0x112ea, 0xd),
    (0x112eb, 0x112ef, 0x2),
    (0x112f0, 0x112f9, 0xe),
    (0x112fa, 0x112ff, 0x2),
    (0x11300, 0x11301, 0xd),
    (0x11302, 0x11303, 0xb),
    (0x11304, 0x11304, 0x2),
    (0x11305, 0x1130c, 0x8),
    (0x1130d, 0x1130e, 0x2),
    (0x1130f, 0x11310, 0x8),
    (0x11311, 0x11312, 0x2),
    (0x11313, 0x11328, 0x8),
    (0x11329, 0x11329, 0x2),
    (0x1132a, 0x11330, 0x8),
    (0x11331, 0x11331, 0x2),
    (0x11332, 0x11333, 0x8),
    (0x11334, 0x11334, 0x2),
    (0x11335, 0x11339, 0x8),
    (0x1133a, 0x1133a, 0x2),
    (0x1133b, 0x1133c, 0xd),
    (0x1133d, 0x1133d, 0x8),
    (0x1133e, 0x1133f, 0xb),
    (0x11340, 0x11340, 0xd),
    (0x11341, 0x11344, 0xb),
    (0x11345, 0x11346, 0x2),
    (0x11347, 0x11348, 0xb),
    (0x11349, 0x1134a, 0x2),
    (0x1134b, 0x1134d, 0xb),
    (0x1134e, 0x1134f, 0x2),
    (0x11350, 0x11350, 0x8),
    (0x11351, 0x11356, 0x2),
    (0x11357, 0x11357, 0xb),
    (0x11358, 0x1135c, 0x2),
    (0x1135d, 0x11361, 0x8),
    (0x11362, 0x11363, 0xb),
    (0x11364, 0x11365, 0x2),
    (0x11366, 0x1136c, 0xd),
    (0x1136d, 0x1136f, 0x2),
    (0x11370, 0x11374, 0xd),
    (0x11375, 0x113ff, 0x2),
    (0x11400, 0x11434, 0x8),
    (0x11435, 0x11437, 0xb),
    (0x11438, 0x1143f, 0xd),
    (0x11440, 0x11441, 0xb),
    (0x11442, 0x11444, 0xd),
    (0x11445, 0x11445, 0xb),
    (0x11446, 0x11446, 0xd),
    (0x11447, 0x1144a, 0x8),
    (0x1144b, 0x1144f, 0x16),
    (0x11450, 0x11459, 0xe),
    (0x1145a, 0x1145a, 0x2),
    (0x1145b, 0x1145b, 0x16),
    (0x1145c, 0x1145c, 0x2),
    (0x1145d, 0x1145d, 0x16),
    (0x1145e, 0x1145e, 0xd),
    (0x1145f, 0x1147f, 0x2),
    (0x11480, 0x114af, 0x8),
    (0x114b0, 0x114b2, 0xb),
    (0x114b3, 0x114b8, 0xd),
    (0x114b9, 0x114b9, 0xb),
    (0x114ba, 0x114ba, 0xd),
    (0x114bb, 0x114be, 0xb),
    (0x114bf, 0x114c0, 0xd),
    (0x114c1, 0x114c1, 0xb),
    (0x114c2, 0x114c3, 0xd),
    (0x114c4, 0x114c5, 0x8),
    (0x114c6, 0x114c6, 0x16),
    (0x114c7, 0x114c7, 0x8),
    (0x114c8, 0x114cf, 0x2),
    (0x114d0, 0x114d9, 0xe),
    (0x114da, 0x1157f, 0x2),
    (0x11580, 0x115ae, 0x8),
    (0x115af, 0x115b1, 0xb),
    (0x115b2, 0x115b5, 0xd),
    (0x115b6, 0x115b7, 0x2),
    (0x115b8, 0x115bb, 0xb),
    (0x115bc, 0x115bd, 0xd),
    (0x115be, 0x115be, 0xb),
    (0x115bf, 0x115c0, 0xd),
    (0x115c1, 0x115d7, 0x16),
    (0x115d8, 0x115db, 0x8),
    (0x115dc, 0x115dd, 0xd),
    (0x115de, 0x115ff, 0x2),
    (0x11600, 0x1162f, 0x8),
    (0x11630, 0x11632, 0xb),
    (0x11633, 0x1163a, 0xd),
    (0x1163b, 0x1163c, 0xb),
    (0x1163d, 0x1163d, 0xd),
    (0x1163e, 0x1163e, 0xb),
    (0x1163f, 0x11640, 0xd),
    (0x11641, 0x11643, 0x16),
    (0x11644, 0x11644, 0x8),
    (0x11645, 0x1164f, 0x2),
    (0x11650, 0x11659, 0xe),
    (0x1165a, 0x1165f, 0x2),
    (0x11660, 0x1166c, 0x16),
    (0x1166d, 0x1167f, 0x2),
    (0x11680, 0x116aa, 0x8),
    (0x116ab, 0x116ab, 0xd),
    (0x116ac, 0x116ac, 0xb),
    (0x116ad, 0x116ad, 0xd),
    (0x116ae, 0x116af, 0xb),
    (0x116b0, 0x116b5, 0xd),
    (0x116b6, 0x116b6, 0xb),
    (0x116b7, 0x116b7, 0xd),
    (0x116b8, 0x116bf, 0x2),
    (0x116c0, 0x116c9, 0xe),
    (0x116ca, 0x116ff, 0x2),
    (0x11700, 0x1171a, 0x8),
    (0x1171b, 0x1171c, 0x2),
    (0x1171d, 0x1171f, 0xd),
    (0x11720, 0x11721, 0xb),
    (0x11722, 0x11725, 0xd),
    (0x11726, 0x11726, 0xb),
    (0x11727, 0x1172b, 0xd),
    (0x1172c, 0x1172f, 0x2),
    (0x11730, 0x11739, 0xe),
    (0x1173a, 0x1173b, 0x10),
    (0x1173c, 0x1173e, 0x16),
    (0x1173f, 0x1173f, 0x1b),
    (0x11740, 0x117ff, 0x2),
    (0x11800, 0x1182b, 0x8),
    (0x1182c, 0x1182e, 0xb),
    (0x1182f, 0x11837, 0xd),
    (0x11838, 0x11838, 0xb),
    (0x11839, 0x1183a, 0xd),
    (0x1183b, 0x1183b, 0x16),
    (0x1183c, 0x1189f, 0x2),
    (0x118a0, 0x118bf, 0xa),
    (0x118c0, 0x118df, 0x6),
    (0x118e0, 0x118e9, 0xe),
    (0x118ea, 0x118f2, 0x10),
    (0x118f3, 0x118fe, 0x2),
    (0x118ff, 0x118ff, 0x8),
    (0x11900, 0x119ff, 0x2),
    (0x11a00, 0x11a00, 0x8),
    (0x11a01, 0x11a0a, 0xd),
    (0x11a0b, 0x11a32, 0x8),
    (0x11a33, 0x11a38, 0xd),
    (0x11a39, 0x11a39, 0xb),
    (0x11a3a, 0x11a3a, 0x8),
    (0x11a3b, 0x11a3e, 0xd),
    (0x11a3f, 0x11a46, 0x16),
    (0x11a47, 0x11a47, 0xd),
    (0x11a48, 0x11a4f, 0x2),
    (0x11a50, 0x11a50, 0x8),
    (0x11a51, 0x11a56, 0xd),
    (0x11a57, 0x11a58, 0xb),
    (0x11a59, 0x11a5b, 0xd),
    (0x11a5c, 0x11a83, 0x8),
    (0x11a84, 0x11a85, 0x2),
    (0x11a86, 0x11a89, 0x8),
    (0x11a8a, 0x11a96, 0xd),
    (0x11a97, 0x11a97, 0xb),
    (0x11a98, 0x11a99, 0xd),
    (0x11a9a, 0x11a9c, 0x16),
    (0x11a9d, 0x11a9d, 0x8),
    (0x11a9e, 0x11aa2, 0x16),
    (0x11aa3, 0x11abf, 0x2),
    (0x11ac0, 0x11af8, 0x8),
    (0x11af9, 0x11bff, 0x2),
    (0x11c00, 0x11c08, 0x8),
    (0x11c09, 0x11c09, 0x2),
    (0x11c0a, 0x11c2e, 0x8),
    (0x11c2f, 0x11c2f, 0xb),
    (0x11c30, 0x11c36, 0xd),
    (0x11c37, 0x11c37, 0x2),
    (0x11c38, 0x11c3d, 0xd),
    (0x11c3e, 0x11c3e, 0xb),
    (0x11c3f, 0x11c3f, 0xd),
    (0x11c40, 0x11c40, 0x8),
    (0x11c41, 0x11c45, 0x16),
    (0x11c46, 0x11c4f, 0x2),
    (0x11c50, 0x11c59, 0xe),
    (0x11c5a, 0x11c6c, 0x10),
    (0x11c6d, 0x11c6f, 0x2),
    (0x11c70, 0x11c71, 0x16),
    (0x11c72, 0x11c8f, 0x8),
    (0x11c90, 0x11c91, 0x2),
    (0x11c92, 0x11ca7, 0xd),
    (0x11ca8, 0x11ca8, 0x2),
    (0x11ca9, 0x11ca9, 0xb),
    (0x11caa, 0x11cb0, 0xd),
    (0x11cb1, 0x11cb1, 0xb),
    (0x11cb2, 0x11cb3, 0xd),
    (0x11cb4, 0x11cb4, 0xb),
    (0x11cb5, 0x11cb6, 0xd),
    (0x11cb7, 0x11cff, 0x2),
    (0x11d00, 0x11d06, 0x8),
    (0x11d07, 0x11d07, 0x2),
    (0x11d08, 0x11d09, 0x8),
    (0x11d0a, 0x11d0a, 0x2),
    (0x11d0b, 0x11d30, 0x8),
    (0x11d31, 0x11d36, 0xd),
    (0x11d37, 0x11d39, 0x2),
    (0x11d3a, 0x11d3a, 0xd),
    (0x11d3b, 0x11d3b, 0x2),
    (0x11d3c, 0x11d3d, 0xd),
    (0x11d3e, 0x11d3e, 0x2),
    (0x11d3f, 0x11d45, 0xd),
    (0x11d46, 0x11d46, 0x8),
    (0x11d47, 0x11d47, 0xd),
    (0x11d48, 0x11d4f, 0x2),
    (0x11d50, 0x11d59, 0xe),
    (0x11d5a, 0x11d5f, 0x2),
    (0x11d60, 0x11d65, 0x8),
    (0x11d66, 0x11d66, 0x2),
    (0x11d67, 0x11d68, 0x8),
    (0x11d69, 0x11d69, 0x2),
    (0x11d6a, 0x11d89, 0x8),
    (0x11d8a, 0x11d8e, 0xb),
    (0x11d8f, 0x11d8f, 0x2),
    (0x11d90, 0x11d91, 0xd),
    (0x11d92, 0x11d92, 0x2),
    (0x11d93, 0x11d94, 0xb),
    (0x11d95, 0x11d95, 0xd),
    (0x11d96, 0x11d96, 0xb),
    (0x11d97, 0x11d97, 0xd),
    (0x11d98, 0x11d98, 0x8),
    (0x11d99, 0x11d9f, 0x2),
    (0x11da0, 0x11da9, 0xe),
    (0x11daa, 0x11edf, 0x2),
    (0x11ee0, 0x11ef2, 0x8),
    (0x11ef3, 0x11ef4, 0xd),
    (0x11ef5, 0x11ef6, 0xb),
    (0x11ef7, 0x11ef8, 0x16),
    (0x11ef9, 0x11fff, 0x2),
    (0x12000, 0x12399, 0x8),
    (0x1239a, 0x123ff, 0x2),
    (0x12400, 0x1246e, 0xf),
    (0x1246f, 0x1246f, 0x2),
    (0x12470, 0x12474, 0x16),
    (0x12475, 0x1247f, 0x2),
    (0x12480, 0x12543, 0x8),
    (0x12544, 0x12fff, 0x2),
    (0x13000, 0x1342e, 0x8),
    (0x1342f, 0x143ff, 0x2),
    (0x14400, 0x14646, 0x8),
    (0x14647, 0x167ff, 0x2),
    (0x16800, 0x16a38, 0x8),
    (0x16a39, 0x16a3f, 0x2),
    (0x16a40, 0x16a5e, 0x8),
    (0x16a5f, 0x16a5f, 0x2),
    (0x16a60, 0x16a69, 0xe),
    (0x16a6a, 0x16a6d, 0x2),
    (0x16a6e, 0x16a6f, 0x16),
    (0x16a70, 0x16acf, 0x2),
    (0x16ad0, 0x16aed, 0x8),
    (0x16aee, 0x16aef, 0x2),
    (0x16af0, 0x16af4, 0xd),
    (0x16af5, 0x16af5, 0x16),
    (0x16af6, 0x16aff, 0x2),
    (0x16b00, 0x16b2f, 0x8),
    (0x16b30, 0x16b36, 0xd),
    (0x16b37, 0x16b3b, 0x16),
    (0x16b3c, 0x16b3f, 0x1b),
    (0x16b40, 0x16b43, 0x7),
    (0x16b44, 0x16b44, 0x16),
    (0x16b45, 0x16b45, 0x1b),
    (0x16b46, 0x16b4f, 0x2),
    (0x16b50, 0x16b59, 0xe),
    (0x16b5a, 0x16b5a, 0x2),
    (0x16b5b, 0x16b61, 0x10),
    (0x16b62, 0x16b62, 0x2),
    (0x16b63, 0x16b77, 0x8),
    (0x16b78, 0x16b7c, 0x2),
    (0x16b7d, 0x16b8f, 0x8),
    (0x16b90, 0x16e3f, 0x2),
    (0x16e40, 0x16e5f, 0xa),
    (0x16e60, 0x16e7f, 0x6),
    (0x16e80, 0x16e96, 0x10),
    (0x16e97, 0x16e9a, 0x16),
    (0x16e9b, 0x16eff, 0x2),
    (0x16f00, 0x16f44, 0x8),
    (0x16f45, 0x16f4f, 0x2),
    (0x16f50, 0x16f50, 0x8),
    (0x16f51, 0x16f7e, 0xb),
    (0x16f7f, 0x16f8e, 0x2),
    (0x16f8f, 0x16f92, 0xd),
    (0x16f93, 0x16f9f, 0x7),
    (0x16fa0, 0x16fdf, 0x2),
    (0x16fe0, 0x16fe1, 0x7),
    (0x16fe2, 0x16fff, 0x2),
    (0x17000, 0x187f1, 0x8),
    (0x187f2, 0x187ff, 0x2),
    (0x18800, 0x18af2, 0x8),
    (0x18af3, 0x1afff, 0x2),
    (0x1b000, 0x1b11e, 0x8),
    (0x1b11f, 0x1b16f, 0x2),
    (0x1b170, 0x1b2fb, 0x8),
    (0x1b2fc, 0x1bbff, 0x2),
    (0x1bc00, 0x1bc6a, 0x8),
    (0x1bc6b, 0x1bc6f, 0x2),
    (0x1bc70, 0x1bc7c, 0x8),
    (0x1bc7d, 0x1bc7f, 0x2),
    (0x1bc80, 0x1bc88, 0x8),
    (0x1bc89, 0x1bc8f, 0x2),
    (0x1bc90, 0x1bc99, 0x8),
    (0x1bc9a, 0x1bc9b, 0x2),
    (0x1bc9c, 0x1bc9c, 0x1b),
    (0x1bc9d, 0x1bc9e, 0xd),
    (0x1bc9f, 0x1bc9f, 0x16),
    (0x1bca0, 0x1bca3, 0x1),
    (0x1bca4, 0x1cfff, 0x2),
    (0x1d000, 0x1d0f5, 0x1b),
    (0x1d0f6, 0x1d0ff, 0x2),
    (0x1d100, 0x1d126, 0x1b),
    (0x1d127, 0x1d128, 0x2),
    (0x1d129, 0x1d164, 0x1b),
    (0x1d165, 0x1d166, 0xb),
    (0x1d167, 0x1d169, 0xd),
    (0x1d16a, 0x1d16c, 0x1b),
    (0x1d16d, 0x1d172, 0xb),
    (0x1d173, 0x1d17a, 0x1),
    (0x1d17b, 0x1d182, 0xd),
    (0x1d183, 0x1d184, 0x1b),
    (0x1d185, 0x1d18b, 0xd),
    (0x1d18c, 0x1d1a9, 0x1b),
    (0x1d1aa, 0x1d1ad, 0xd),
    (0x1d1ae, 0x1d1e8, 0x1b),
    (0x1d1e9, 0x1d1ff, 0x2),
    (0x1d200, 0x1d241, 0x1b),
    (0x1d242, 0x1d244, 0xd),
    (0x1d245, 0x1d245, 0x1b),
    (0x1d246, 0x1d2df, 0x2),
    (0x1d2e0, 0x1d2f3, 0x10),
    (0x1d2f4, 0x1d2ff, 0x2),
    (0x1d300, 0x1d356, 0x1b),
    (0x1d357, 0x1d35f, 0x2),
    (0x1d360, 0x1d378, 0x10),
    (0x1d379, 0x1d3ff, 0x2),
    (0x1d400, 0x1d419, 0xa),
    (0x1d41a, 0x1d433, 0x6),
    (0x1d434, 0x1d44d, 0xa),
    (0x1d44e, 0x1d454, 0x6),
    (0x1d455, 0x1d455, 0x2),
    (0x1d456, 0x1d467, 0x6),
    (0x1d468, 0x1d481, 0xa),
    (0x1d482, 0x1d49b, 0x6),
    (0x1d49c, 0x1d49c, 0xa),
    (0x1d49d, 0x1d49d, 0x2),
    (0x1d49e, 0x1d49f, 0xa),
    (0x1d4a0, 0x1d4a1, 0x2),
    (0x1d4a2, 0x1d4a2, 0xa),
    (0x1d4a3, 0x1d4a4, 0x2),
    (0x1d4a5, 0x1d4a6, 0xa),
    (0x1d4a7, 0x1d4a8, 0x2),
    (0x1d4a9, 0x1d4ac, 0xa),
    (0x1d4ad, 0x1d4ad, 0x2),
    (0x1d4ae, 0x1d4b5, 0xa),
    (0x1d4b6, 0x1d4b9, 0x6),
    (0x1d4ba, 0x1d4ba, 0x2),
    (0x1d4bb, 0x1d4bb, 0x6),
    (0x1d4bc, 0x1d4bc, 0x2),
    (0x1d4bd, 0x1d4c3, 0x6),
    (0x1d4c4, 0x1d4c4, 0x2),
    (0x1d4c5, 0x1d4cf, 0x6),
    (0x1d4d0, 0x1d4e9, 0xa),
    (0x1d4ea, 0x1d503, 0x6),
    (0x1d504, 0x1d505, 0xa),
    (0x1d506, 0x1d506, 0x2),
    (0x1d507, 0x1d50a, 0xa),
    (0x1d50b, 0x1d50c, 0x2),
    (0x1d50d, 0x1d514, 0xa),
    (0x1d515, 0x1d515, 0x2),
    (0x1d516, 0x1d51c, 0xa),
    (0x1d51d, 0x1d51d, 0x2),
    (0x1d51e, 0x1d537, 0x6),
    (0x1d538, 0x1d539, 0xa),
    (0x1d53a, 0x1d53a, 0x2),
    (0x1d53b, 0x1d53e, 0xa),
    (0x1d53f, 0x1d53f, 0x2),
    (0x1d540, 0x1d544, 0xa),
    (0x1d545, 0x1d545, 0x2),
    (0x1d546, 0x1d546, 0xa),
    (0x1d547, 0x1d549, 0x2),
    (0x1d54a, 0x1d550, 0xa),
    (0x1d551, 0x1d551, 0x2),
    (0x1d552, 0x1d56b, 0x6),
    (0x1d56c, 0x1d585, 0xa),
    (0x1d586, 0x1d59f, 0x6),
    (0x1d5a0, 0x1d5b9, 0xa),
    (0x1d5ba, 0x1d5d3, 0x6),
    (0x1d5d4, 0x1d5ed, 0xa),
    (0x1d5ee, 0x1d607, 0x6),
    (0x1d608, 0x1d621, 0xa),
    (0x1d622, 0x1d63b, 0x6),
    (0x1d63c, 0x1d655, 0xa),
    (0x1d656, 0x1d66f, 0x6),
    (0x1d670, 0x1d689, 0xa),
    (0x1d68a, 0x1d6a5, 0x6),
    (0x1d6a6, 0x1d6a7, 0x2),
    (0x1d6a8, 0x1d6c0, 0xa),
    (0x1d6c1, 0x1d6c1, 0x1a),
    (0x1d6c2, 0x1d6da, 0x6),
    (0x1d6db, 0x1d6db, 0x1a),
    (0x1d6dc, 0x1d6e1, 0x6),
    (0x1d6e2, 0x1d6fa, 0xa),
    (0x1d6fb, 0x1d6fb, 0x1a),
    (0x1d6fc, 0x1d714, 0x6),
    (0x1d715, 0x1d715, 0x1a),
    (0x1d716, 0x1d71b, 0x6),
    (0x1d71c, 0x1d734, 0xa),
    (0x1d735, 0x1d735, 0x1a),
    (0x1d736, 0x1d74e, 0x6),
    (0x1d74f, 0x1d74f, 0x1a),
    (0x1d750, 0x1d755, 0x6),
    (0x1d756, 0x1d76e, 0xa),
    (0x1d76f, 0x1d76f, 0x1a),
    (0x1d770, 0x1d788, 0x6),
    (0x1d789, 0x1d789, 0x1a),
    (0x1d78a, 0x1d78f, 0x6),
    (0x1d790, 0x1d7a8, 0xa),
    (0x1d7a9, 0x1d7a9, 0x1a),
    (0x1d7aa, 0x1d7c2, 0x6),
    (0x1d7c3, 0x1d7c3, 0x1a),
    (0x1d7c4, 0x1d7c9, 0x6),
    (0x1d7ca, 0x1d7ca, 0xa),
    (0x1d7cb, 0x1d7cb, 0x6),
    (0x1d7cc, 0x1d7cd, 0x2),
    (0x1d7ce, 0x1d7ff, 0xe),
    (0x1d800, 0x1d9ff, 0x1b),
    (0x1da00, 0x1da36, 0xd),
    (0x1da37, 0x1da3a, 0x1b),
    (0x1da3b, 0x1da6c, 0xd),
    (0x1da6d, 0x1da74, 0x1b),
    (0x1da75, 0x1da75, 0xd),
    (0x1da76, 0x1da83, 0x1b),
    (0x1da84, 0x1da84, 0xd),
    (0x1da85, 0x1da86, 0x1b),
    (0x1da87, 0x1da8b, 0x16),
    (0x1da8c, 0x1da9a, 0x2),
    (0x1da9b, 0x1da9f, 0xd),
    (0x1daa0, 0x1daa0, 0x2),
    (0x1daa1, 0x1daaf, 0xd),
    (0x1dab0, 0x1dfff, 0x2),
    (0x1e000, 0x1e006, 0xd),
    (0x1e007, 0x1e007, 0x2),
    (0x1e008, 0x1e018, 0xd),
    (0x1e019, 0x1e01a, 0x2),
    (0x1e01b, 0x1e021, 0xd),
    (0x1e022, 0x1e022, 0x2),
    (0x1e023, 0x1e024, 0xd),
    (0x1e025, 0x1e025, 0x2),
    (0x1e026, 0x1e02a, 0xd),
    (0x1e02b, 0x1e7ff, 0x2),
    (0x1e800, 0x1e8c4, 0x8),
    (0x1e8c5, 0x1e8c6, 0x2),
    (0x1e8c7, 0x1e8cf, 0x10),
    (0x1e8d0, 0x1e8d6, 0xd),
    (0x1e8d7, 0x1e8ff, 0x2),
    (0x1e900, 0x1e921, 0xa),
    (0x1e922, 0x1e943, 0x6),
    (0x1e944, 0x1e94a, 0xd),
    (0x1e94b, 0x1e94f, 0x2),
    (0x1e950, 0x1e959, 0xe),
    (0x1e95a, 0x1e95d, 0x2),
    (0x1e95e, 0x1e95f, 0x16),
    (0x1e960, 0x1ec70, 0x2),
    (0x1ec71, 0x1ecab, 0x10),
    (0x1ecac, 0x1ecac, 0x1b),
    (0x1ecad, 0x1ecaf, 0x10),
    (0x1ecb0, 0x1ecb0, 0x18),
    (0x1ecb1, 0x1ecb4, 0x10),
    (0x1ecb5, 0x1edff, 0x2),
    (0x1ee00, 0x1ee03, 0x8),
    (0x1ee04, 0x1ee04, 0x2),
    (0x1ee05, 0x1ee1f, 0x8),
    (0x1ee20, 0x1ee20, 0x2),
    (0x1ee21, 0x1ee22, 0x8),
    (0x1ee23, 0x1ee23, 0x2),
    (0x1ee24, 0x1ee24, 0x8),
    (0x1ee25, 0x1ee26, 0x2),
    (0x1ee27, 0x1ee27, 0x8),
    (0x1ee28, 0x1ee28, 0x2),
    (0x1ee29, 0x1ee32, 0x8),
    (0x1ee33, 0x1ee33, 0x2),
    (0x1ee34, 0x1ee37, 0x8),
    (0x1ee38, 0x1ee38, 0x2),
    (0x1ee39, 0x1ee39, 0x8),
    (0x1ee3a, 0x1ee3a, 0x2),
    (0x1ee3b, 0x1ee3b, 0x8),
    (0x1ee3c, 0x1ee41, 0x2),
    (0x1ee42, 0x1ee42, 0x8),
    (0x1ee43, 0x1ee46, 0x2),
    (0x1ee47, 0x1ee47, 0x8),
    (0x1ee48, 0x1ee48, 0x2),
    (0x1ee49, 0x1ee49, 0x8),
    (0x1ee4a, 0x1ee4a, 0x2),
    (0x1ee4b, 0x1ee4b, 0x8),
    (0x1ee4c, 0x1ee4c, 0x2),
    (0x1ee4d, 0x1ee4f, 0x8),
    (0x1ee50, 0x1ee50, 0x2),
    (0x1ee51, 0x1ee52, 0x8),
    (0x1ee53, 0x1ee53, 0x2),
    (0x1ee54, 0x1ee54, 0x8),
    (0x1ee55, 0x1ee56, 0x2),
    (0x1ee57, 0x1ee57, 0x8),
    (0x1ee58, 0x1ee58, 0x2),
    (0x1ee59, 0x1ee59, 0x8),
    (0x1ee5a, 0x1ee5a, 0x2),
    (0x1ee5b, 0x1ee5b, 0x8),
    (0x1ee5c, 0x1ee5c, 0x2),
    (0x1ee5d, 0x1ee5d, 0x8),
    (0x1ee5e, 0x1ee5e, 0x2),
    (0x1ee5f, 0x1ee5f, 0x8),
    (0x1ee60, 0x1ee60, 0x2),
    (0x1ee61, 0x1ee62, 0x8),
    (0x1ee63, 0x1ee63, 0x2),
    (0x1ee64, 0x1ee64, 0x8),
    (0x1ee65, 0x1ee66, 0x2),
    (0x1ee67, 0x1ee6a, 0x8),
    (0x1ee6b, 0x1ee6b, 0x2),
    (0x1ee6c, 0x1ee72, 0x8),
    (0x1ee73, 0x1ee73, 0x2),
    (0x1ee74, 0x1ee77, 0x8),
    (0x1ee78, 0x1ee78, 0x2),
    (0x1ee79, 0x1ee7c, 0x8),
    (0x1ee7d, 0x1ee7d, 0x2),
    (0x1ee7e, 0x1ee7e, 0x8),
    (0x1ee7f, 0x1ee7f, 0x2),
    (0x1ee80, 0x1ee89, 0x8),
    (0x1ee8a, 0x1ee8a, 0x2),
    (0x1ee8b, 0x1ee9b, 0x8),
    (0x1ee9c, 0x1eea0, 0x2),
    (0x1eea1, 0x1eea3, 0x8),
    (0x1eea4, 0x1eea4, 0x2),
    (0x1eea5, 0x1eea9, 0x8),
    (0x1eeaa, 0x1eeaa, 0x2),
    (0x1eeab, 0x1eebb, 0x8),
    (0x1eebc, 0x1eeef, 0x2),
    (0x1eef0, 0x1eef1, 0x1a),
    (0x1eef2, 0x1efff, 0x2),
    (0x1f000, 0x1f02b, 0x1b),
    (0x1f02c, 0x1f02f, 0x2),
    (0x1f030, 0x1f093, 0x1b),
    (0x1f094, 0x1f09f, 0x2),
    (0x1f0a0, 0x1f0ae, 0x1b),
    (0x1f0af, 0x1f0b0, 0x2),
    (0x1f0b1, 0x1f0bf, 0x1b),
    (0x1f0c0, 0x1f0c0, 0x2),
    (0x1f0c1, 0x1f0cf, 0x1b),
    (0x1f0d0, 0x1f0d0, 0x2),
    (0x1f0d1, 0x1f0f5, 0x1b),
    (0x1f0f6, 0x1f0ff, 0x2),
    (0x1f100, 0x1f10c, 0x10),
    (0x1f10d, 0x1f10f, 0x2),
    (0x1f110, 0x1f16b, 0x1b),
    (0x1f16c, 0x1f16f, 0x2),
    (0x1f170, 0x1f1ac, 0x1b),
    (0x1f1ad, 0x1f1e5, 0x2),
    (0x1f1e6, 0x1f202, 0x1b),
    (0x1f203, 0x1f20f, 0x2),
    (0x1f210, 0x1f23b, 0x1b),
    (0x1f23c, 0x1f23f, 0x2),
    (0x1f240, 0x1f248, 0x1b),
    (0x1f249, 0x1f24f, 0x2),
    (0x1f250, 0x1f251, 0x1b),
    (0x1f252, 0x1f25f, 0x2),
    (0x1f260, 0x1f265, 0x1b),
    (0x1f266, 0x1f2ff, 0x2),
    (0x1f300, 0x1f3fa, 0x1b),
    (0x1f3fb, 0x1f3ff, 0x19),
    (0x1f400, 0x1f6d4, 0x1b),
    (0x1f6d5, 0x1f6df, 0x2),
    (0x1f6e0, 0x1f6ec, 0x1b),
    (0x1f6ed, 0x1f6ef, 0x2),
    (0x1f6f0, 0x1f6f9, 0x1b),
    (0x1f6fa, 0x1f6ff, 0x2),
    (0x1f700, 0x1f773, 0x1b),
    (0x1f774, 0x1f77f, 0x2),
    (0x1f780, 0x1f7d8, 0x1b),
    (0x1f7d9, 0x1f7ff, 0x2),
    (0x1f800, 0x1f80b, 0x1b),
    (0x1f80c, 0x1f80f, 0x2),
    (0x1f810, 0x1f847, 0x1b),
    (0x1f848, 0x1f84f, 0x2),
    (0x1f850, 0x1f859, 0x1b),
    (0x1f85a, 0x1f85f, 0x2),
    (0x1f860, 0x1f887, 0x1b),
    (0x1f888, 0x1f88f, 0x2),
    (0x1f890, 0x1f8ad, 0x1b),
    (0x1f8ae, 0x1f8ff, 0x2),
    (0x1f900, 0x1f90b, 0x1b),
    (0x1f90c, 0x1f90f, 0x2),
    (0x1f910, 0x1f93e, 0x1b),
    (0x1f93f, 0x1f93f, 0x2),
    (0x1f940, 0x1f970, 0x1b),
    (0x1f971, 0x1f972, 0x2),
    (0x1f973, 0x1f976, 0x1b),
    (0x1f977, 0x1f979, 0x2),
    (0x1f97a, 0x1f97a, 0x1b),
    (0x1f97b, 0x1f97b, 0x2),
    (0x1f97c, 0x1f9a2, 0x1b),
    (0x1f9a3, 0x1f9af, 0x2),
    (0x1f9b0, 0x1f9b9, 0x1b),
    (0x1f9ba, 0x1f9bf, 0x2),
    (0x1f9c0, 0x1f9c2, 0x1b),
    (0x1f9c3, 0x1f9cf, 0x2),
    (0x1f9d0, 0x1f9ff, 0x1b),
    (0x1fa00, 0x1fa5f, 0x2),
    (0x1fa60, 0x1fa6d, 0x1b),
    (0x1fa6e, 0x1ffff, 0x2),
    (0x20000, 0x2a6d6, 0x8),
    (0x2a6d7, 0x2a6ff, 0x2),
    (0x2a700, 0x2b734, 0x8),
    (0x2b735, 0x2b73f, 0x2),
    (0x2b740, 0x2b81d, 0x8),
    (0x2b81e, 0x2b81f, 0x2),
    (0x2b820, 0x2cea1, 0x8),
    (0x2cea2, 0x2ceaf, 0x2),
    (0x2ceb0, 0x2ebe0, 0x8),
    (0x2ebe1, 0x2f7ff, 0x2),
    (0x2f800, 0x2fa1d, 0x8),
    (0x2fa1e, 0xe0000, 0x2),
    (0xe0001, 0xe0001, 0x1),
    (0xe0002, 0xe001f, 0x2),
    (0xe0020, 0xe007f, 0x1),
    (0xe0080, 0xe00ff, 0x2),
    (0xe0100, 0xe01ef, 0xd),
    (0xe01f0, 0xeffff, 0x2),
    (0xf0000, 0xffffd, 0x3),
    (0xffffe, 0xfffff, 0x2),
    (0x100000, 0x10fffd, 0x3),
    (0x10fffe, 0x10ffff, 0x2),
    (0x110000, 0xffffffff, 0x5),
];
pub(super) static SCRIPTS: &[(u32, u32, u64)] = &[
    (0x0, 0x40, 0xb5),
    (0x41, 0x5a, 0x4f),
    (0x5b, 0x60, 0xb5),
    (0x61, 0x7a, 0x4f),
    (0x7b, 0xa9, 0xb5),
    (0xaa, 0xaa, 0x4f),
    (0xab, 0xb9, 0xb5),
    (0xba, 0xba, 0x4f),
    (0xbb, 0xbf, 0xb5),
    (0xc0, 0xd6, 0x4f),
    (0xd7, 0xd7, 0xb5),
    (0xd8, 0xf6, 0x4f),
    (0xf7, 0xf7, 0xb5),
    (0xf8, 0x2b8, 0x4f),
    (0x2b9, 0x2df, 0xb5),
    (0x2e0, 0x2e4, 0x4f),
    (0x2e5, 0x2e9, 0xb5),
    (0x2ea, 0x2eb, 0xf),
    (0x2ec, 0x2ff, 0xb5),
    (0x300, 0x36f, 0xb1),
    (0x370, 0x373, 0x2e),
    (0x374, 0x374, 0xb5),
    (0x375, 0x377, 0x2e),
    (0x378, 0x379, 0xb6),
    (0x37a, 0x37d, 0x2e),
    (0x37e, 0x37e, 0xb5),
    (0x37f, 0x37f, 0x2e),
    (0x380, 0x383, 0xb6),
    (0x384, 0x384, 0x2e),
    (0x385, 0x385, 0xb5),
    (0x386, 0x386, 0x2e),
    (0x387, 0x387, 0xb5),
    (0x388, 0x38a, 0x2e),
    (0x38b, 0x38b, 0xb6),
    (0x38c, 0x38c, 0x2e),
    (0x38d, 0x38d, 0xb6),
    (0x38e, 0x3a1, 0x2e),
    (0x3a2, 0x3a2, 0xb6),
    (0x3a3, 0x3e1, 0x2e),
    (0x3e2, 0x3ef, 0x1a),
    (0x3f0, 0x3ff, 0x2e),
    (0x400, 0x484, 0x1c),
    (0x485, 0x486, 0xb1),
    (0x487, 0x52f, 0x1c),
    (0x530, 0x530, 0xb6),
    (0x531, 0x556, 0x6),
    (0x557, 0x558, 0xb6),
    (0x559, 0x588, 0x6),
    (0x589, 0x589, 0xb5),
    (0x58a, 0x58a, 0x6),
    (0x58b, 0x58c, 0xb6),
    (0x58d, 0x58f, 0x6),
    (0x590, 0x590, 0xb6),
    (0x591, 0x5c7, 0x37),
    (0x5c8, 0x5cf, 0xb6),
    (0x5d0, 0x5ea, 0x37),
    (0x5eb, 0x5ee, 0xb6),
    (0x5ef, 0x5f4, 0x37),
    (0x5f5, 0x5ff, 0xb6),
    (0x600, 0x604, 0x4),
    (0x605, 0x605, 0xb5),
    (0x606, 0x60b, 0x4),
    (0x60c, 0x60c, 0xb5),
    (0x60d, 0x61a, 0x4),
    (0x61b, 0x61b, 0xb5),
    (0x61c, 0x61c, 0x4),
    (0x61d, 0x61d, 0xb6),
    (0x61e, 0x61e, 0x4),
    (0x61f, 0x61f, 0xb5),
    (0x620, 0x63f, 0x4),
    (0x640, 0x640, 0xb5),
    (0x641, 0x64a, 0x4),
    (0x64b, 0x655, 0xb1),
    (0x656, 0x66f, 0x4),
    (0x670, 0x670, 0xb1),
    (0x671, 0x6dc, 0x4),
    (0x6dd, 0x6dd, 0xb5),
    (0x6de, 0x6ff, 0x4),
    (0x700, 0x70d, 0x95),
    (0x70e, 0x70e, 0xb6),
    (0x70f, 0x74a, 0x95),
    (0x74b, 0x74c, 0xb6),
    (0x74d, 0x74f, 0x95),
    (0x750, 0x77f, 0x4),
    (0x780, 0x7b1, 0xa4),
    (0x7b2, 0x7bf, 0xb6),
    (0x7c0, 0x7fa, 0x6e),
    (0x7fb, 0x7fc, 0xb6),
    (0x7fd, 0x7ff, 0x6e),
    (0x800, 0x82d, 0x85),
    (0x82e, 0x82f, 0xb6),
    (0x830, 0x83e, 0x85),
    (0x83f, 0x83f, 0xb6),
    (0x840, 0x85b, 0x5a),
    (0x85c, 0x85d, 0xb6),
    (0x85e, 0x85e, 0x5a),
    (0x85f, 0x85f, 0xb6),
    (0x860, 0x86a, 0x95),
    (0x86b, 0x89f, 0xb6),
    (0x8a0, 0x8b4, 0x4),
    (0x8b5, 0x8b5, 0xb6),
    (0x8b6, 0x8bd, 0x4),
    (0x8be, 0x8d2, 0xb6),
    (0x8d3, 0x8e1, 0x4),
    (0x8e2, 0x8e2, 0xb5),
    (0x8e3, 0x8ff, 0x4),
    (0x900, 0x950, 0x1e),
    (0x951, 0x952, 0xb1),
    (0x953, 0x963, 0x1e),
    (0x964, 0x965, 0xb5),
    (0x966, 0x97f, 0x1e),
    (0x980, 0x983, 0xc),
    (0x984, 0x984, 0xb6),
    (0x985, 0x98c, 0xc),
    (0x98d, 0x98e, 0xb6),
    (0x98f, 0x990, 0xc),
    (0x991, 0x992, 0xb6),
    (0x993, 0x9a8, 0xc),
    (0x9a9, 0x9a9, 0xb6),
    (0x9aa, 0x9b0, 0xc),
    (0x9b1, 0x9b1, 0xb6),
    (0x9b2, 0x9b2, 0xc),
    (0x9b3, 0x9b5, 0xb6),
    (0x9b6, 0x9b9, 0xc),
    (0x9ba, 0x9bb, 0xb6),
    (0x9bc, 0x9c4, 0xc),
    (0x9c5, 0x9c6, 0xb6),
    (0x9c7, 0x9c8, 0xc),
    (0x9c9, 0x9ca, 0xb6),
    (0x9cb, 0x9ce, 0xc),
    (0x9cf, 0x9d6, 0xb6),
    (0x9d7, 0x9d7, 0xc),
    (0x9d8, 0x9db, 0xb6),
    (0x9dc, 0x9dd, 0xc),
    (0x9de, 0x9de, 0xb6),
    (0x9df, 0x9e3, 0xc),
    (0x9e4, 0x9e5, 0xb6),
    (0x9e6, 0x9fe, 0xc),
    (0x9ff, 0xa00, 0xb6),
    (0xa01, 0xa03, 0x30),
    (0xa04, 0xa04, 0xb6),
    (0xa05, 0xa0a, 0x30),
    (0xa0b, 0xa0e, 0xb6),
    (0xa0f, 0xa10, 0x30),
    (0xa11, 0xa12, 0xb6),
    (0xa13, 0xa28, 0x30),
    (0xa29, 0xa29, 0xb6),
    (0xa2a, 0xa30, 0x30),
    (0xa31, 0xa31, 0xb6),
    (0xa32, 0xa33, 0x30),
    (0xa34, 0xa34, 0xb6),
    (0xa35, 0xa36, 0x30),
    (0xa37, 0xa37, 0xb6),
    (0xa38, 0xa39, 0x30),
    (0xa3a, 0xa3b, 0xb6),
    (0xa3c, 0xa3c, 0x30),
    (0xa3d, 0xa3d, 0xb6),
    (0xa3e, 0xa42, 0x30),
    (0xa43, 0xa46, 0xb6),
    (0xa47, 0xa48, 0x30),
    (0xa49, 0xa4a, 0xb6),
    (0xa4b, 0xa4d, 0x30),
    (0xa4e, 0xa50, 0xb6),
    (0xa51, 0xa51, 0x30),
    (0xa52, 0xa58, 0xb6),
    (0xa59, 0xa5c, 0x30),
    (0xa5d, 0xa5d, 0xb6),
    (0xa5e, 0xa5e, 0x30),
    (0xa5f, 0xa65, 0xb6),
    (0xa66, 0xa76, 0x30),
    (0xa77, 0xa80, 0xb6),
    (0xa81, 0xa83, 0x2f),
    (0xa84, 0xa84, 0xb6),
    (0xa85, 0xa8d, 0x2f),
    (0xa8e, 0xa8e, 0xb6),
    (0xa8f, 0xa91, 0x2f),
    (0xa92, 0xa92, 0xb6),
    (0xa93, 0xaa8, 0x2f),
    (0xaa9, 0xaa9, 0xb6),
    (0xaaa, 0xab0, 0x2f),
    (0xab1, 0xab1, 0xb6),
    (0xab2, 0xab3, 0x2f),
    (0xab4, 0xab4, 0xb6),
    (0xab5, 0xab9, 0x2f),
    (0xaba, 0xabb, 0xb6),
    (0xabc, 0xac5, 0x2f),
    (0xac6, 0xac6, 0xb6),
    (0xac7, 0xac9, 0x2f),
    (0xaca, 0xaca, 0xb6),
    (0xacb, 0xacd, 0x2f),
    (0xace, 0xacf, 0xb6),
    (0xad0, 0xad0, 0x2f),
    (0xad1, 0xadf, 0xb6),
    (0xae0, 0xae3, 0x2f),
    (0xae4, 0xae5, 0xb6),
    (0xae6, 0xaf1, 0x2f),
    (0xaf2, 0xaf8, 0xb6),
    (0xaf9, 0xaff, 0x2f),
    (0xb00, 0xb00, 0xb6),
    (0xb01, 0xb03, 0x73),
    (0xb04, 0xb04, 0xb6),
    (0xb05, 0xb0c, 0x73),
    (0xb0d, 0xb0e, 0xb6),
    (0xb0f, 0xb10, 0x73),
    (0xb11, 0xb12, 0xb6),
    (0xb13, 0xb28, 0x73),
    (0xb29, 0xb29, 0xb6),
    (0xb2a, 0xb30, 0x73),
    (0xb31, 0xb31, 0xb6),
    (0xb32, 0xb33, 0x73),
    (0xb34, 0xb34, 0xb6),
    (0xb35, 0xb39, 0x73),
    (0xb3a, 0xb3b, 0xb6),
    (0xb3c, 0xb44, 0x73),
    (0xb45, 0xb46, 0xb6),
    (0xb47, 0xb48, 0x73),
    (0xb49, 0xb4a, 0xb6),
    (0xb4b, 0xb4d, 0x73),
    (0xb4e, 0xb55, 0xb6),
    (0xb56, 0xb57, 0x73),
    (0xb58, 0xb5b, 0xb6),
    (0xb5c, 0xb5d, 0x73),
    (0xb5e, 0xb5e, 0xb6),
    (0xb5f, 0xb63, 0x73),
    (0xb64, 0xb65, 0xb6),
    (0xb66, 0xb77, 0x73),
    (0xb78, 0xb81, 0xb6),
    (0xb82, 0xb83, 0x9d),
    (0xb84, 0xb84, 0xb6),
    (0xb85, 0xb8a, 0x9d),
    (0xb8b, 0xb8d, 0xb6),
    (0xb8e, 0xb90, 0x9d),
    (0xb91, 0xb91, 0xb6),
    (0xb92, 0xb95, 0x9d),
    (0xb96, 0xb98, 0xb6),
    (0xb99, 0xb9a, 0x9d),
    (0xb9b, 0xb9b, 0xb6),
    (0xb9c, 0xb9c, 0x9d),
    (0xb9d, 0xb9d, 0xb6),
    (0xb9e, 0xb9f, 0x9d),
    (0xba0, 0xba2, 0xb6),
    (0xba3, 0xba4, 0x9d),
    (0xba5, 0xba7, 0xb6),
    (0xba8, 0xbaa, 0x9d),
    (0xbab, 0xbad, 0xb6),
    (0xbae, 0xbb9, 0x9d),
    (0xbba, 0xbbd, 0xb6),
    (0xbbe, 0xbc2, 0x9d),
    (0xbc3, 0xbc5, 0xb6),
    (0xbc6, 0xbc8, 0x9d),
    (0xbc9, 0xbc9, 0xb6),
    (0xbca, 0xbcd, 0x9d),
    (0xbce, 0xbcf, 0xb6),
    (0xbd0, 0xbd0, 0x9d),
    (0xbd1, 0xbd6, 0xb6),
    (0xbd7, 0xbd7, 0x9d),
    (0xbd8, 0xbe5, 0xb6),
    (0xbe6, 0xbfa, 0x9d),
    (0xbfb, 0xbff, 0xb6),
    (0xc00, 0xc0c, 0xa0),
    (0xc0d, 0xc0d, 0xb6),
    (0xc0e, 0xc10, 0xa0),
    (0xc11, 0xc11, 0xb6),
    (0xc12, 0xc28, 0xa0),
    (0xc29, 0xc29, 0xb6),
    (0xc2a, 0xc39, 0xa0),
    (0xc3a, 0xc3c, 0xb6),
    (0xc3d, 0xc44, 0xa0),
    (0xc45, 0xc45, 0xb6),
    (0xc46, 0xc48, 0xa0),
    (0xc49, 0xc49, 0xb6),
    (0xc4a, 0xc4d, 0xa0),
    (0xc4e, 0xc54, 0xb6),
    (0xc55, 0xc56, 0xa0),
    (0xc57, 0xc57, 0xb6),
    (0xc58, 0xc5a, 0xa0),
    (0xc5b, 0xc5f, 0xb6),
    (0xc60, 0xc63, 0xa0),
    (0xc64, 0xc65, 0xb6),
    (0xc66, 0xc6f, 0xa0),
    (0xc70, 0xc77, 0xb6),
    (0xc78, 0xc7f, 0xa0),
    (0xc80, 0xc8c, 0x47),
    (0xc8d, 0xc8d, 0xb6),
    (0xc8e, 0xc90, 0x47),
    (0xc91, 0xc91, 0xb6),
    (0xc92, 0xca8, 0x47),
    (0xca9, 0xca9, 0xb6),
    (0xcaa, 0xcb3, 0x47),
    (0xcb4, 0xcb4, 0xb6),
    (0xcb5, 0xcb9, 0x47),
    (0xcba, 0xcbb, 0xb6),
    (0xcbc, 0xcc4, 0x47),
    (0xcc5, 0xcc5, 0xb6),
    (0xcc6, 0xcc8, 0x47),
    (0xcc9, 0xcc9, 0xb6),
    (0xcca, 0xccd, 0x47),
    (0xcce, 0xcd4, 0xb6),
    (0xcd5, 0xcd6, 0x47),
    (0xcd7, 0xcdd, 0xb6),
    (0xcde, 0xcde, 0x47),
    (0xcdf, 0xcdf, 0xb6),
    (0xce0, 0xce3, 0x47),
    (0xce4, 0xce5, 0xb6),
    (0xce6, 0xcef, 0x47),
    (0xcf0, 0xcf0, 0xb6),
    (0xcf1, 0xcf2, 0x47),
    (0xcf3, 0xcff, 0xb6),
    (0xd00, 0xd03, 0x62),
    (0xd04, 0xd04, 0xb6),
    (0xd05, 0xd0c, 0x62),
    (0xd0d, 0xd0d, 0xb6),
    (0xd0e, 0xd10, 0x62),
    (0xd11, 0xd11, 0xb6),
    (0xd12, 0xd44, 0x62),
    (0xd45, 0xd45, 0xb6),
    (0xd46, 0xd48, 0x62),
    (0xd49, 0xd49, 0xb6),
    (0xd4a, 0xd4f, 0x62),
    (0xd50, 0xd53, 0xb6),
    (0xd54, 0xd63, 0x62),
    (0xd64, 0xd65, 0xb6),
    (0xd66, 0xd7f, 0x62),
    (0xd80, 0xd81, 0xb6),
    (0xd82, 0xd83, 0x8e),
    (0xd84, 0xd84, 0xb6),
    (0xd85, 0xd96, 0x8e),
    (0xd97, 0xd99, 0xb6),
    (0xd9a, 0xdb1, 0x8e),
    (0xdb2, 0xdb2, 0xb6),
    (0xdb3, 0xdbb, 0x8e),
    (0xdbc, 0xdbc, 0xb6),
    (0xdbd, 0xdbd, 0x8e),
    (0xdbe, 0xdbf, 0xb6),
    (0xdc0, 0xdc6, 0x8e),
    (0xdc7, 0xdc9, 0xb6),
    (0xdca, 0xdca, 0x8e),
    (0xdcb, 0xdce, 0xb6),
    (0xdcf, 0xdd4, 0x8e),
    (0xdd5, 0xdd5, 0xb6),
    (0xdd6, 0xdd6, 0x8e),
    (0xdd7, 0xdd7, 0xb6),
    (0xdd8, 0xddf, 0x8e),
    (0xde0, 0xde5, 0xb6),
    (0xde6, 0xdef, 0x8e),
    (0xdf0, 0xdf1, 0xb6),
    (0xdf2, 0xdf4, 0x8e),
    (0xdf5, 0xe00, 0xb6),
    (0xe01, 0xe3a, 0xa5),
    (0xe3b, 0xe3e, 0xb6),
    (0xe3f, 0xe3f, 0xb5),
    (0xe40, 0xe5b, 0xa5),
    (0xe5c, 0xe80, 0xb6),
    (0xe81, 0xe82, 0x4c),
    (0xe83, 0xe83, 0xb6),
    (0xe84, 0xe84, 0x4c),
    (0xe85, 0xe86, 0xb6),
    (0xe87, 0xe88, 0x4c),
    (0xe89, 0xe89, 0xb6),
    (0xe8a, 0xe8a, 0x4c),
    (0xe8b, 0xe8c, 0xb6),
    (0xe8d, 0xe8d, 0x4c),
    (0xe8e, 0xe93, 0xb6),
    (0xe94, 0xe97, 0x4c),
    (0xe98, 0xe98, 0xb6),
    (0xe99, 0xe9f, 0x4c),
    (0xea0, 0xea0, 0xb6),
    (0xea1, 0xea3, 0x4c),
    (0xea4, 0xea4, 0xb6),
    (0xea5, 0xea5, 0x4c),
    (0xea6, 0xea6, 0xb6),
    (0xea7, 0xea7, 0x4c),
    (0xea8, 0xea9, 0xb6),
    (0xeaa, 0xeab, 0x4c),
    (0xeac, 0xeac, 0xb6),
    (0xead, 0xeb9, 0x4c),
    (0xeba, 0xeba, 0xb6),
    (0xebb, 0xebd, 0x4c),
    (0xebe, 0xebf, 0xb6),
    (0xec0, 0xec4, 0x4c),
    (0xec5, 0xec5, 0xb6),
    (0xec6, 0xec6, 0x4c),
    (0xec7, 0xec7, 0xb6),
    (0xec8, 0xecd, 0x4c),
    (0xece, 0xecf, 0xb6),
    (0xed0, 0xed9, 0x4c),
    (0xeda, 0xedb, 0xb6),
    (0xedc, 0xedf, 0x4c),
    (0xee0, 0xeff, 0xb6),
    (0xf00, 0xf47, 0xa6),
    (0xf48, 0xf48, 0xb6),
    (0xf49, 0xf6c, 0xa6),
    (0xf6d, 0xf70, 0xb6),
    (0xf71, 0xf97, 0xa6),
    (0xf98, 0xf98, 0xb6),
    (0xf99, 0xfbc, 0xa6),
    (0xfbd, 0xfbd, 0xb6),
    (0xfbe, 0xfcc, 0xa6),
    (0xfcd, 0xfcd, 0xb6),
    (0xfce, 0xfd4, 0xa6),
    (0xfd5, 0xfd8, 0xb5),
    (0xfd9, 0xfda, 0xa6),
    (0xfdb, 0xfff, 0xb6),
    (0x1000, 0x109f, 0x69),
    (0x10a0, 0x10c5, 0x28),
    (0x10c6, 0x10c6, 0xb6),
    (0x10c7, 0x10c7, 0x28),
    (0x10c8, 0x10cc, 0xb6),
    (0x10cd, 0x10cd, 0x28),
    (0x10ce, 0x10cf, 0xb6),
    (0x10d0, 0x10fa, 0x28),
    (0x10fb, 0x10fb, 0xb5),
    (0x10fc, 0x10ff, 0x28),
    (0x1100, 0x11ff, 0x31),
    (0x1200, 0x1248, 0x26),
    (0x1249, 0x1249, 0xb6),
    (0x124a, 0x124d, 0x26),
    (0x124e, 0x124f, 0xb6),
    (0x1250, 0x1256, 0x26),
    (0x1257, 0x1257, 0xb6),
    (0x1258, 0x1258, 0x26),
    (0x1259, 0x1259, 0xb6),
    (0x125a, 0x125d, 0x26),
    (0x125e, 0x125f, 0xb6),
    (0x1260, 0x1288, 0x26),
    (0x1289, 0x1289, 0xb6),
    (0x128a, 0x128d, 0x26),
    (0x128e, 0x128f, 0xb6),
    (0x1290, 0x12b0, 0x26),
    (0x12b1, 0x12b1, 0xb6),
    (0x12b2, 0x12b5, 0x26),
    (0x12b6, 0x12b7, 0xb6),
    (0x12b8, 0x12be, 0x26),
    (0x12bf, 0x12bf, 0xb6),
    (0x12c0, 0x12c0, 0x26),
    (0x12c1, 0x12c1, 0xb6),
    (0x12c2, 0x12c5, 0x26),
    (0x12c6, 0x12c7, 0xb6),
    (0x12c8, 0x12d6, 0x26),
    (0x12d7, 0x12d7, 0xb6),
    (0x12d8, 0x1310, 0x26),
    (0x1311, 0x1311, 0xb6),
    (0x1312, 0x1315, 0x26),
    (0x1316, 0x1317, 0xb6),
    (0x1318, 0x135a, 0x26),
    (0x135b, 0x135c, 0xb6),
    (0x135d, 0x137c, 0x26),
    (0x137d, 0x137f, 0xb6),
    (0x1380, 0x1399, 0x26),
    (0x139a, 0x139f, 0xb6),
    (0x13a0, 0x13f5, 0x18),
    (0x13f6, 0x13f7, 0xb6),
    (0x13f8, 0x13fd, 0x18),
    (0x13fe, 0x13ff, 0xb6),
    (0x1400, 0x167f, 0x15),
    (0x1680, 0x169c, 0x70),
    (0x169d, 0x169f, 0xb6),
    (0x16a0, 0x16ea, 0x84),
    (0x16eb, 0x16ed, 0xb5),
    (0x16ee, 0x16f8, 0x84),
    (0x16f9, 0x16ff, 0xb6),
    (0x1700, 0x170c, 0xa3),
    (0x170d, 0x170d, 0xb6),
    (0x170e, 0x1714, 0xa3),
    (0x1715, 0x171f, 0xb6),
    (0x1720, 0x1734, 0x33),
    (0x1735, 0x1736, 0xb5),
    (0x1737, 0x173f, 0xb6),
    (0x1740, 0x1753, 0x13),
    (0x1754, 0x175f, 0xb6),
    (0x1760, 0x176c, 0x99),
    (0x176d, 0x176d, 0xb6),
    (0x176e, 0x1770, 0x99),
    (0x1771, 0x1771, 0xb6),
    (0x1772, 0x1773, 0x99),
    (0x1774, 0x177f, 0xb6),
    (0x1780, 0x17dd, 0x45),
    (0x17de, 0x17df, 0xb6),
    (0x17e0, 0x17e9, 0x45),
    (0x17ea, 0x17ef, 0xb6),
    (0x17f0, 0x17f9, 0x45),
    (0x17fa, 0x17ff, 0xb6),
    (0x1800, 0x1801, 0x64),
    (0x1802, 0x1803, 0xb5),
    (0x1804, 0x1804, 0x64),
    (0x1805, 0x1805, 0xb5),
    (0x1806, 0x180e, 0x64),
    (0x180f, 0x180f, 0xb6),
    (0x1810, 0x1819, 0x64),
    (0x181a, 0x181f, 0xb6),
    (0x1820, 0x1878, 0x64),
    (0x1879, 0x187f, 0xb6),
    (0x1880, 0x18aa, 0x64),
    (0x18ab, 0x18af, 0xb6),
    (0x18b0, 0x18f5, 0x15),
    (0x18f6, 0x18ff, 0xb6),
    (0x1900, 0x191e, 0x51),
    (0x191f, 0x191f, 0xb6),
    (0x1920, 0x192b, 0x51),
    (0x192c, 0x192f, 0xb6),
    (0x1930, 0x193b, 0x51),
    (0x193c, 0x193f, 0xb6),
    (0x1940, 0x1940, 0x51),
    (0x1941, 0x1943, 0xb6),
    (0x1944, 0x194f, 0x51),
    (0x1950, 0x196d, 0x9b),
    (0x196e, 0x196f, 0xb6),
    (0x1970, 0x1974, 0x9b),
    (0x1975, 0x197f, 0xb6),
    (0x1980, 0x19ab, 0x9c),
    (0x19ac, 0x19af, 0xb6),
    (0x19b0, 0x19c9, 0x9c),
    (0x19ca, 0x19cf, 0xb6),
    (0x19d0, 0x19da, 0x9c),
    (0x19db, 0x19dd, 0xb6),
    (0x19de, 0x19df, 0x9c),
    (0x19e0, 0x19ff, 0x45),
    (0x1a00, 0x1a1b, 0x12),
    (0x1a1c, 0x1a1d, 0xb6),
    (0x1a1e, 0x1a1f, 0x12),
    (0x1a20, 0x1a5e, 0x4b),
    (0x1a5f, 0x1a5f, 0xb6),
    (0x1a60, 0x1a7c, 0x4b),
    (0x1a7d, 0x1a7e, 0xb6),
    (0x1a7f, 0x1a89, 0x4b),
    (0x1a8a, 0x1a8f, 0xb6),
    (0x1a90, 0x1a99, 0x4b),
    (0x1a9a, 0x1a9f, 0xb6),
    (0x1aa0, 0x1aad, 0x4b),
    (0x1aae, 0x1aaf, 0xb6),
    (0x1ab0, 0x1abe, 0xb1),
    (0x1abf, 0x1aff, 0xb6),
    (0x1b00, 0x1b4b, 0x8),
    (0x1b4c, 0x1b4f, 0xb6),
    (0x1b50, 0x1b7c, 0x8),
    (0x1b7d, 0x1b7f, 0xb6),
    (0x1b80, 0x1bbf, 0x93),
    (0x1bc0, 0x1bf3, 0xb),
    (0x1bf4, 0x1bfb, 0xb6),
    (0x1bfc, 0x1bff, 0xb),
    (0x1c00, 0x1c37, 0x50),
    (0x1c38, 0x1c3a, 0xb6),
    (0x1c3b, 0x1c49, 0x50),
    (0x1c4a, 0x1c4c, 0xb6),
    (0x1c4d, 0x1c4f, 0x50),
    (0x1c50, 0x1c7f, 0x71),
    (0x1c80, 0x1c88, 0x1c),
    (0x1c89, 0x1c8f, 0xb6),
    (0x1c90, 0x1cba, 0x28),
    (0x1cbb, 0x1cbc, 0xb6),
    (0x1cbd, 0x1cbf, 0x28),
    (0x1cc0, 0x1cc7, 0x93),
    (0x1cc8, 0x1ccf, 0xb6),
    (0x1cd0, 0x1cd2, 0xb1),
    (0x1cd3, 0x1cd3, 0xb5),
    (0x1cd4, 0x1ce0, 0xb1),
    (0x1ce1, 0x1ce1, 0xb5),
    (0x1ce2, 0x1ce8, 0xb1),
    (0x1ce9, 0x1cec, 0xb5),
    (0x1ced, 0x1ced, 0xb1),
    (0x1cee, 0x1cf3, 0xb5),
    (0x1cf4, 0x1cf4, 0xb1),
    (0x1cf5, 0x1cf7, 0xb5),
    (0x1cf8, 0x1cf9, 0xb1),
    (0x1cfa, 0x1cff, 0xb6),
    (0x1d00, 0x1d25, 0x4f),
    (0x1d26, 0x1d2a, 0x2e),
    (0x1d2b, 0x1d2b, 0x1c),
    (0x1d2c, 0x1d5c, 0x4f),
    (0x1d5d, 0x1d61, 0x2e),
    (0x1d62, 0x1d65, 0x4f),
    (0x1d66, 0x1d6a, 0x2e),
    (0x1d6b, 0x1d77, 0x4f),
    (0x1d78, 0x1d78, 0x1c),
    (0x1d79, 0x1dbe, 0x4f),
    (0x1dbf, 0x1dbf, 0x2e),
    (0x1dc0, 0x1df9, 0xb1),
    (0x1dfa, 0x1dfa, 0xb6),
    (0x1dfb, 0x1dff, 0xb1),
    (0x1e00, 0x1eff, 0x4f),
    (0x1f00, 0x1f15, 0x2e),
    (0x1f16, 0x1f17, 0xb6),
    (0x1f18, 0x1f1d, 0x2e),
    (0x1f1e, 0x1f1f, 0xb6),
    (0x1f20, 0x1f45, 0x2e),
    (0x1f46, 0x1f47, 0xb6),
    (0x1f48, 0x1f4d, 0x2e),
    (0x1f4e, 0x1f4f, 0xb6),
    (0x1f50, 0x1f57, 0x2e),
    (0x1f58, 0x1f58, 0xb6),
    (0x1f59, 0x1f59, 0x2e),
    (0x1f5a, 0x1f5a, 0xb6),
    (0x1f5b, 0x1f5b, 0x2e),
    (0x1f5c, 0x1f5c, 0xb6),
    (0x1f5d, 0x1f5d, 0x2e),
    (0x1f5e, 0x1f5e, 0xb6),
    (0x1f5f, 0x1f7d, 0x2e),
    (0x1f7e, 0x1f7f, 0xb6),
    (0x1f80, 0x1fb4, 0x2e),
    (0x1fb5, 0x1fb5, 0xb6),
    (0x1fb6, 0x1fc4, 0x2e),
    (0x1fc5, 0x1fc5, 0xb6),
    (0x1fc6, 0x1fd3, 0x2e),
    (0x1fd4, 0x1fd5, 0xb6),
    (0x1fd6, 0x1fdb, 0x2e),
    (0x1fdc, 0x1fdc, 0xb6),
    (0x1fdd, 0x1fef, 0x2e),
    (0x1ff0, 0x1ff1, 0xb6),
    (0x1ff2, 0x1ff4, 0x2e),
    (0x1ff5, 0x1ff5, 0xb6),
    (0x1ff6, 0x1ffe, 0x2e),
    (0x1fff, 0x1fff, 0xb6),
    (0x2000, 0x200b, 0xb5),
    (0x200c, 0x200d, 0xb1),
    (0x200e, 0x2064, 0xb5),
    (0x2065, 0x2065, 0xb6),
    (0x2066, 0x2070, 0xb5),
    (0x2071, 0x2071, 0x4f),
    (0x2072, 0x2073, 0xb6),
    (0x2074, 0x207e, 0xb5),
    (0x207f, 0x207f, 0x4f),
    (0x2080, 0x208e, 0xb5),
    (0x208f, 0x208f, 0xb6),
    (0x2090, 0x209c, 0x4f),
    (0x209d, 0x209f, 0xb6),
    (0x20a0, 0x20bf, 0xb5),
    (0x20c0, 0x20cf, 0xb6),
    (0x20d0, 0x20f0, 0xb1),
    (0x20f1, 0x20ff, 0xb6),
    (0x2100, 0x2125, 0xb5),
    (0x2126, 0x2126, 0x2e),
    (0x2127, 0x2129, 0xb5),
    (0x212a, 0x212b, 0x4f),
    (0x212c, 0x2131, 0xb5),
    (0x2132, 0x2132, 0x4f),
    (0x2133, 0x214d, 0xb5),
    (0x214e, 0x214e, 0x4f),
    (0x214f, 0x215f, 0xb5),
    (0x2160, 0x2188, 0x4f),
    (0x2189, 0x218b, 0xb5),
    (0x218c, 0x218f, 0xb6),
    (0x2190, 0x2426, 0xb5),
    (0x2427, 0x243f, 0xb6),
    (0x2440, 0x244a, 0xb5),
    (0x244b, 0x245f, 0xb6),
    (0x2460, 0x27ff, 0xb5),
    (0x2800, 0x28ff, 0x11),
    (0x2900, 0x2b73, 0xb5),
    (0x2b74, 0x2b75, 0xb6),
    (0x2b76, 0x2b95, 0xb5),
    (0x2b96, 0x2b97, 0xb6),
    (0x2b98, 0x2bc8, 0xb5),
    (0x2bc9, 0x2bc9, 0xb6),
    (0x2bca, 0x2bfe, 0xb5),
    (0x2bff, 0x2bff, 0xb6),
    (0x2c00, 0x2c2e, 0x29),
    (0x2c2f, 0x2c2f, 0xb6),
    (0x2c30, 0x2c5e, 0x29),
    (0x2c5f, 0x2c5f, 0xb6),
    (0x2c60, 0x2c7f, 0x4f),
    (0x2c80, 0x2cf3, 0x1a),
    (0x2cf4, 0x2cf8, 0xb6),
    (0x2cf9, 0x2cff, 0x1a),
    (0x2d00, 0x2d25, 0x28),
    (0x2d26, 0x2d26, 0xb6),
    (0x2d27, 0x2d27, 0x28),
    (0x2d28, 0x2d2c, 0xb6),
    (0x2d2d, 0x2d2d, 0x28),
    (0x2d2e, 0x2d2f, 0xb6),
    (0x2d30, 0x2d67, 0xa2),
    (0x2d68, 0x2d6e, 0xb6),
    (0x2d6f, 0x2d70, 0xa2),
    (0x2d71, 0x2d7e, 0xb6),
    (0x2d7f, 0x2d7f, 0xa2),
    (0x2d80, 0x2d96, 0x26),
    (0x2d97, 0x2d9f, 0xb6),
    (0x2da0, 0x2da6, 0x26),
    (0x2da7, 0x2da7, 0xb6),
    (0x2da8, 0x2dae, 0x26),
    (0x2daf, 0x2daf, 0xb6),
    (0x2db0, 0x2db6, 0x26),
    (0x2db7, 0x2db7, 0xb6),
    (0x2db8, 0x2dbe, 0x26),
    (0x2dbf, 0x2dbf, 0xb6),
    (0x2dc0, 0x2dc6, 0x26),
    (0x2dc7, 0x2dc7, 0xb6),
    (0x2dc8, 0x2dce, 0x26),
    (0x2dcf, 0x2dcf, 0xb6),
    (0x2dd0, 0x2dd6, 0x26),
    (0x2dd7, 0x2dd7, 0xb6),
    (0x2dd8, 0x2dde, 0x26),
    (0x2ddf, 0x2ddf, 0xb6),
    (0x2de0, 0x2dff, 0x1c),
    (0x2e00, 0x2e4e, 0xb5),
    (0x2e4f, 0x2e7f, 0xb6),
    (0x2e80, 0x2e99, 0x32),
    (0x2e9a, 0x2e9a, 0xb6),
    (0x2e9b, 0x2ef3, 0x32),
    (0x2ef4, 0x2eff, 0xb6),
    (0x2f00, 0x2fd5, 0x32),
    (0x2fd6, 0x2fef, 0xb6),
    (0x2ff0, 0x2ffb, 0xb5),
    (0x2ffc, 0x2fff, 0xb6),
    (0x3000, 0x3004, 0xb5),
    (0x3005, 0x3005, 0x32),
    (0x3006, 0x3006, 0xb5),
    (0x3007, 0x3007, 0x32),
    (0x3008, 0x3020, 0xb5),
    (0x3021, 0x3029, 0x32),
    (0x302a, 0x302d, 0xb1),
    (0x302e, 0x302f, 0x31),
    (0x3030, 0x3037, 0xb5),
    (0x3038, 0x303b, 0x32),
    (0x303c, 0x303f, 0xb5),
    (0x3040, 0x3040, 0xb6),
    (0x3041, 0x3096, 0x38),
    (0x3097, 0x3098, 0xb6),
    (0x3099, 0x309a, 0xb1),
    (0x309b, 0x309c, 0xb5),
    (0x309d, 0x309f, 0x38),
    (0x30a0, 0x30a0, 0xb5),
    (0x30a1, 0x30fa, 0x43),
    (0x30fb, 0x30fc, 0xb5),
    (0x30fd, 0x30ff, 0x43),
    (0x3100, 0x3104, 0xb6),
    (0x3105, 0x312f, 0xf),
    (0x3130, 0x3130, 0xb6),
    (0x3131, 0x318e, 0x31),
    (0x318f, 0x318f, 0xb6),
    (0x3190, 0x319f, 0xb5),
    (0x31a0, 0x31ba, 0xf),
    (0x31bb, 0x31bf, 0xb6),
    (0x31c0, 0x31e3, 0xb5),
    (0x31e4, 0x31ef, 0xb6),
    (0x31f0, 0x31ff, 0x43),
    (0x3200, 0x321e, 0x31),
    (0x321f, 0x321f, 0xb6),
    (0x3220, 0x325f, 0xb5),
    (0x3260, 0x327e, 0x31),
    (0x327f, 0x32cf, 0xb5),
    (0x32d0, 0x32fe, 0x43),
    (0x32ff, 0x32ff, 0xb6),
    (0x3300, 0x3357, 0x43),
    (0x3358, 0x33ff, 0xb5),
    (0x3400, 0x4db5, 0x32),
    (0x4db6, 0x4dbf, 0xb6),
    (0x4dc0, 0x4dff, 0xb5),
    (0x4e00, 0x9fef, 0x32),
    (0x9ff0, 0x9fff, 0xb6),
    (0xa000, 0xa48c, 0xaf),
    (0xa48d, 0xa48f, 0xb6),
    (0xa490, 0xa4c6, 0xaf),
    (0xa4c7, 0xa4cf, 0xb6),
    (0xa4d0, 0xa4ff, 0x54),
    (0xa500, 0xa62b, 0xa9),
    (0xa62c, 0xa63f, 0xb6),
    (0xa640, 0xa69f, 0x1c),
    (0xa6a0, 0xa6f7, 0x9),
    (0xa6f8, 0xa6ff, 0xb6),
    (0xa700, 0xa721, 0xb5),
    (0xa722, 0xa787, 0x4f),
    (0xa788, 0xa78a, 0xb5),
    (0xa78b, 0xa7b9, 0x4f),
    (0xa7ba, 0xa7f6, 0xb6),
    (0xa7f7, 0xa7ff, 0x4f),
    (0xa800, 0xa82b, 0x94),
    (0xa82c, 0xa82f, 0xb6),
    (0xa830, 0xa839, 0xb5),
    (0xa83a, 0xa83f, 0xb6),
    (0xa840, 0xa877, 0x79),
    (0xa878, 0xa87f, 0xb6),
    (0xa880, 0xa8c5, 0x88),
    (0xa8c6, 0xa8cd, 0xb6),
    (0xa8ce, 0xa8d9, 0x88),
    (0xa8da, 0xa8df, 0xb6),
    (0xa8e0, 0xa8ff, 0x1e),
    (0xa900, 0xa92d, 0x42),
    (0xa92e, 0xa92e, 0xb5),
    (0xa92f, 0xa92f, 0x42),
    (0xa930, 0xa953, 0x81),
    (0xa954, 0xa95e, 0xb6),
    (0xa95f, 0xa95f, 0x81),
    (0xa960, 0xa97c, 0x31),
    (0xa97d, 0xa97f, 0xb6),
    (0xa980, 0xa9cd, 0x3f),
    (0xa9ce, 0xa9ce, 0xb6),
    (0xa9cf, 0xa9cf, 0xb5),
    (0xa9d0, 0xa9d9, 0x3f),
    (0xa9da, 0xa9dd, 0xb6),
    (0xa9de, 0xa9df, 0x3f),
    (0xa9e0, 0xa9fe, 0x69),
    (0xa9ff, 0xa9ff, 0xb6),
    (0xaa00, 0xaa36, 0x17),
    (0xaa37, 0xaa3f, 0xb6),
    (0xaa40, 0xaa4d, 0x17),
    (0xaa4e, 0xaa4f, 0xb6),
    (0xaa50, 0xaa59, 0x17),
    (0xaa5a, 0xaa5b, 0xb6),
    (0xaa5c, 0xaa5f, 0x17),
    (0xaa60, 0xaa7f, 0x69),
    (0xaa80, 0xaac2, 0x9f),
    (0xaac3, 0xaada, 0xb6),
    (0xaadb, 0xaadf, 0x9f),
    (0xaae0, 0xaaf6, 0x67),
    (0xaaf7, 0xab00, 0xb6),
    (0xab01, 0xab06, 0x26),
    (0xab07, 0xab08, 0xb6),
    (0xab09, 0xab0e, 0x26),
    (0xab0f, 0xab10, 0xb6),
    (0xab11, 0xab16, 0x26),
    (0xab17, 0xab1f, 0xb6),
    (0xab20, 0xab26, 0x26),
    (0xab27, 0xab27, 0xb6),
    (0xab28, 0xab2e, 0x26),
    (0xab2f, 0xab2f, 0xb6),
    (0xab30, 0xab5a, 0x4f),
    (0xab5b, 0xab5b, 0xb5),
    (0xab5c, 0xab64, 0x4f),
    (0xab65, 0xab65, 0x2e),
    (0xab66, 0xab6f, 0xb6),
    (0xab70, 0xabbf, 0x18),
    (0xabc0, 0xabed, 0x67),
    (0xabee, 0xabef, 0xb6),
    (0xabf0, 0xabf9, 0x67),
    (0xabfa, 0xabff, 0xb6),
    (0xac00, 0xd7a3, 0x31),
    (0xd7a4, 0xd7af, 0xb6),
    (0xd7b0, 0xd7c6, 0x31),
    (0xd7c7, 0xd7ca, 0xb6),
    (0xd7cb, 0xd7fb, 0x31),
    (0xd7fc, 0xf8ff, 0xb6),
    (0xf900, 0xfa6d, 0x32),
    (0xfa6e, 0xfa6f, 0xb6),
    (0xfa70, 0xfad9, 0x32),
    (0xfada, 0xfaff, 0xb6),
    (0xfb00, 0xfb06, 0x4f),
    (0xfb07, 0xfb12, 0xb6),
    (0xfb13, 0xfb17, 0x6),
    (0xfb18, 0xfb1c, 0xb6),
    (0xfb1d, 0xfb36, 0x37),
    (0xfb37, 0xfb37, 0xb6),
    (0xfb38, 0xfb3c, 0x37),
    (0xfb3d, 0xfb3d, 0xb6),
    (0xfb3e, 0xfb3e, 0x37),
    (0xfb3f, 0xfb3f, 0xb6),
    (0xfb40, 0xfb41, 0x37),
    (0xfb42, 0xfb42, 0xb6),
    (0xfb43, 0xfb44, 0x37),
    (0xfb45, 0xfb45, 0xb6),
    (0xfb46, 0xfb4f, 0x37),
    (0xfb50, 0xfbc1, 0x4),
    (0xfbc2, 0xfbd2, 0xb6),
    (0xfbd3, 0xfd3d, 0x4),
    (0xfd3e, 0xfd3f, 0xb5),
    (0xfd40, 0xfd4f, 0xb6),
    (0xfd50, 0xfd8f, 0x4),
    (0xfd90, 0xfd91, 0xb6),
    (0xfd92, 0xfdc7, 0x4),
    (0xfdc8, 0xfdef, 0xb6),
    (0xfdf0, 0xfdfd, 0x4),
    (0xfdfe, 0xfdff, 0xb6),
    (0xfe00, 0xfe0f, 0xb1),
    (0xfe10, 0xfe19, 0xb5),
    (0xfe1a, 0xfe1f, 0xb6),
    (0xfe20, 0xfe2d, 0xb1),
    (0xfe2e, 0xfe2f, 0x1c),
    (0xfe30, 0xfe52, 0xb5),
    (0xfe53, 0xfe53, 0xb6),
    (0xfe54, 0xfe66, 0xb5),
    (0xfe67, 0xfe67, 0xb6),
    (0xfe68, 0xfe6b, 0xb5),
    (0xfe6c, 0xfe6f, 0xb6),
    (0xfe70, 0xfe74, 0x4),
    (0xfe75, 0xfe75, 0xb6),
    (0xfe76, 0xfefc, 0x4),
    (0xfefd, 0xfefe, 0xb6),
    (0xfeff, 0xfeff, 0xb5),
    (0xff00, 0xff00, 0xb6),
    (0xff01, 0xff20, 0xb5),
    (0xff21, 0xff3a, 0x4f),
    (0xff3b, 0xff40, 0xb5),
    (0xff41, 0xff5a, 0x4f),
    (0xff5b, 0xff65, 0xb5),
    (0xff66, 0xff6f, 0x43),
    (0xff70, 0xff70, 0xb5),
    (0xff71, 0xff9d, 0x43),
    (0xff9e, 0xff9f, 0xb5),
    (0xffa0, 0xffbe, 0x31),
    (0xffbf, 0xffc1, 0xb6),
    (0xffc2, 0xffc7, 0x31),
    (0xffc8, 0xffc9, 0xb6),
    (0xffca, 0xffcf, 0x31),
    (0xffd0, 0xffd1, 0xb6),
    (0xffd2, 0xffd7, 0x31),
    (0xffd8, 0xffd9, 0xb6),
    (0xffda, 0xffdc, 0x31),
    (0xffdd, 0xffdf, 0xb6),
    (0xffe0, 0xffe6, 0xb5),
    (0xffe7, 0xffe7, 0xb6),
    (0xffe8, 0xffee, 0xb5),
    (0xffef, 0xfff8, 0xb6),
    (0xfff9, 0xfffd, 0xb5),
    (0xfffe, 0xffff, 0xb6),
    (0x10000, 0x1000b, 0x53),
    (0x1000c, 0x1000c, 0xb6),
    (0x1000d, 0x10026, 0x53),
    (0x10027, 0x10027, 0xb6),
    (0x10028, 0x1003a, 0x53),
    (0x1003b, 0x1003b, 0xb6),
    (0x1003c, 0x1003d, 0x53),
    (0x1003e, 0x1003e, 0xb6),
    (0x1003f, 0x1004d, 0x53),
    (0x1004e, 0x1004f, 0xb6),
    (0x10050, 0x1005d, 0x53),
    (0x1005e, 0x1007f, 0xb6),
    (0x10080, 0x100fa, 0x53),
    (0x100fb, 0x100ff, 0xb6),
    (0x10100, 0x10102, 0xb5),
    (0x10103, 0x10106, 0xb6),
    (0x10107, 0x10133, 0xb5),
    (0x10134, 0x10136, 0xb6),
    (0x10137, 0x1013f, 0xb5),
    (0x10140, 0x1018e, 0x2e),
    (0x1018f, 0x1018f, 0xb6),
    (0x10190, 0x1019b, 0xb5),
    (0x1019c, 0x1019f, 0xb6),
    (0x101a0, 0x101a0, 0x2e),
    (0x101a1, 0x101cf, 0xb6),
    (0x101d0, 0x101fc, 0xb5),
    (0x101fd, 0x101fd, 0xb1),
    (0x101fe, 0x1027f, 0xb6),
    (0x10280, 0x1029c, 0x56),
    (0x1029d, 0x1029f, 0xb6),
    (0x102a0, 0x102d0, 0x16),
    (0x102d1, 0x102df, 0xb6),
    (0x102e0, 0x102e0, 0xb1),
    (0x102e1, 0x102fb, 0xb5),
    (0x102fc, 0x102ff, 0xb6),
    (0x10300, 0x10323, 0x3e),
    (0x10324, 0x1032c, 0xb6),
    (0x1032d, 0x1032f, 0x3e),
    (0x10330, 0x1034a, 0x2c),
    (0x1034b, 0x1034f, 0xb6),
    (0x10350, 0x1037a, 0x78),
    (0x1037b, 0x1037f, 0xb6),
    (0x10380, 0x1039d, 0xa8),
    (0x1039e, 0x1039e, 0xb6),
    (0x1039f, 0x1039f, 0xa8),
    (0x103a0, 0x103c3, 0xad),
    (0x103c4, 0x103c7, 0xb6),
    (0x103c8, 0x103d5, 0xad),
    (0x103d6, 0x103ff, 0xb6),
    (0x10400, 0x1044f, 0x20),
    (0x10450, 0x1047f, 0x8a),
    (0x10480, 0x1049d, 0x75),
    (0x1049e, 0x1049f, 0xb6),
    (0x104a0, 0x104a9, 0x75),
    (0x104aa, 0x104af, 0xb6),
    (0x104b0, 0x104d3, 0x74),
    (0x104d4, 0x104d7, 0xb6),
    (0x104d8, 0x104fb, 0x74),
    (0x104fc, 0x104ff, 0xb6),
    (0x10500, 0x10527, 0x25),
    (0x10528, 0x1052f, 0xb6),
    (0x10530, 0x10563, 0x2),
    (0x10564, 0x1056e, 0xb6),
    (0x1056f, 0x1056f, 0x2),
    (0x10570, 0x105ff, 0xb6),
    (0x10600, 0x10736, 0x52),
    (0x10737, 0x1073f, 0xb6),
    (0x10740, 0x10755, 0x52),
    (0x10756, 0x1075f, 0xb6),
    (0x10760, 0x10767, 0x52),
    (0x10768, 0x107ff, 0xb6),
    (0x10800, 0x10805, 0x1b),
    (0x10806, 0x10807, 0xb6),
    (0x10808, 0x10808, 0x1b),
    (0x10809, 0x10809, 0xb6),
    (0x1080a, 0x10835, 0x1b),
    (0x10836, 0x10836, 0xb6),
    (0x10837, 0x10838, 0x1b),
    (0x10839, 0x1083b, 0xb6),
    (0x1083c, 0x1083c, 0x1b),
    (0x1083d, 0x1083e, 0xb6),
    (0x1083f, 0x1083f, 0x1b),
    (0x10840, 0x10855, 0x5),
    (0x10856, 0x10856, 0xb6),
    (0x10857, 0x1085f, 0x5),
    (0x10860, 0x1087f, 0x76),
    (0x10880, 0x1089e, 0x6b),
    (0x1089f, 0x108a6, 0xb6),
    (0x108a7, 0x108af, 0x6b),
    (0x108b0, 0x108df, 0xb6),
    (0x108e0, 0x108f2, 0x36),
    (0x108f3, 0x108f3, 0xb6),
    (0x108f4, 0x108f5, 0x36),
    (0x108f6, 0x108fa, 0xb6),
    (0x108fb, 0x108ff, 0x36),
    (0x10900, 0x1091b, 0x7d),
    (0x1091c, 0x1091e, 0xb6),
    (0x1091f, 0x1091f, 0x7d),
    (0x10920, 0x10939, 0x57),
    (0x1093a, 0x1093e, 0xb6),
    (0x1093f, 0x1093f, 0x57),
    (0x10940, 0x1097f, 0xb6),
    (0x10980, 0x1099f, 0x61),
    (0x109a0, 0x109b7, 0x60),
    (0x109b8, 0x109bb, 0xb6),
    (0x109bc, 0x109cf, 0x60),
    (0x109d0, 0x109d1, 0xb6),
    (0x109d2, 0x109ff, 0x60),
    (0x10a00, 0x10a03, 0x44),
    (0x10a04, 0x10a04, 0xb6),
    (0x10a05, 0x10a06, 0x44),
    (0x10a07, 0x10a0b, 0xb6),
    (0x10a0c, 0x10a13, 0x44),
    (0x10a14, 0x10a14, 0xb6),
    (0x10a15, 0x10a17, 0x44),
    (0x10a18, 0x10a18, 0xb6),
    (0x10a19, 0x10a35, 0x44),
    (0x10a36, 0x10a37, 0xb6),
    (0x10a38, 0x10a3a, 0x44),
    (0x10a3b, 0x10a3e, 0xb6),
    (0x10a3f, 0x10a48, 0x44),
    (0x10a49, 0x10a4f, 0xb6),
    (0x10a50, 0x10a58, 0x44),
    (0x10a59, 0x10a5f, 0xb6),
    (0x10a60, 0x10a7f, 0x87),
    (0x10a80, 0x10a9f, 0x6a),
    (0x10aa0, 0x10abf, 0xb6),
    (0x10ac0, 0x10ae6, 0x5b),
    (0x10ae7, 0x10aea, 0xb6),
    (0x10aeb, 0x10af6, 0x5b),
    (0x10af7, 0x10aff, 0xb6),
    (0x10b00, 0x10b35, 0x7),
    (0x10b36, 0x10b38, 0xb6),
    (0x10b39, 0x10b3f, 0x7),
    (0x10b40, 0x10b55, 0x7f),
    (0x10b56, 0x10b57, 0xb6),
    (0x10b58, 0x10b5f, 0x7f),
    (0x10b60, 0x10b72, 0x7a),
    (0x10b73, 0x10b77, 0xb6),
    (0x10b78, 0x10b7f, 0x7a),
    (0x10b80, 0x10b91, 0x7b),
    (0x10b92, 0x10b98, 0xb6),
    (0x10b99, 0x10b9c, 0x7b),
    (0x10b9d, 0x10ba8, 0xb6),
    (0x10ba9, 0x10baf, 0x7b),
    (0x10bb0, 0x10bff, 0xb6),
    (0x10c00, 0x10c48, 0x72),
    (0x10c49, 0x10c7f, 0xb6),
    (0x10c80, 0x10cb2, 0x3c),
    (0x10cb3, 0x10cbf, 0xb6),
    (0x10cc0, 0x10cf2, 0x3c),
    (0x10cf3, 0x10cf9, 0xb6),
    (0x10cfa, 0x10cff, 0x3c),
    (0x10d00, 0x10d27, 0x82),
    (0x10d28, 0x10d2f, 0xb6),
    (0x10d30, 0x10d39, 0x82),
    (0x10d3a, 0x10e5f, 0xb6),
    (0x10e60, 0x10e7e, 0x4),
    (0x10e7f, 0x10eff, 0xb6),
    (0x10f00, 0x10f27, 0x90),
    (0x10f28, 0x10f2f, 0xb6),
    (0x10f30, 0x10f59, 0x8f),
    (0x10f5a, 0x10fff, 0xb6),
    (0x11000, 0x1104d, 0x10),
    (0x1104e, 0x11051, 0xb6),
    (0x11052, 0x1106f, 0x10),
    (0x11070, 0x1107e, 0xb6),
    (0x1107f, 0x1107f, 0x10),
    (0x11080, 0x110c1, 0x4a),
    (0x110c2, 0x110cc, 0xb6),
    (0x110cd, 0x110cd, 0x4a),
    (0x110ce, 0x110cf, 0xb6),
    (0x110d0, 0x110e8, 0x91),
    (0x110e9, 0x110ef, 0xb6),
    (0x110f0, 0x110f9, 0x91),
    (0x110fa, 0x110ff, 0xb6),
    (0x11100, 0x11134, 0x14),
    (0x11135, 0x11135, 0xb6),
    (0x11136, 0x11146, 0x14),
    (0x11147, 0x1114f, 0xb6),
    (0x11150, 0x11176, 0x58),
    (0x11177, 0x1117f, 0xb6),
    (0x11180, 0x111cd, 0x8b),
    (0x111ce, 0x111cf, 0xb6),
    (0x111d0, 0x111df, 0x8b),
    (0x111e0, 0x111e0, 0xb6),
    (0x111e1, 0x111f4, 0x8e),
    (0x111f5, 0x111ff, 0xb6),
    (0x11200, 0x11211, 0x46),
    (0x11212, 0x11212, 0xb6),
    (0x11213, 0x1123e, 0x46),
    (0x1123f, 0x1127f, 0xb6),
    (0x11280, 0x11286, 0x68),
    (0x11287, 0x11287, 0xb6),
    (0x11288, 0x11288, 0x68),
    (0x11289, 0x11289, 0xb6),
    (0x1128a, 0x1128d, 0x68),
    (0x1128e, 0x1128e, 0xb6),
    (0x1128f, 0x1129d, 0x68),
    (0x1129e, 0x1129e, 0xb6),
    (0x1129f, 0x112a9, 0x68),
    (0x112aa, 0x112af, 0xb6),
    (0x112b0, 0x112ea, 0x8d),
    (0x112eb, 0x112ef, 0xb6),
    (0x112f0, 0x112f9, 0x8d),
    (0x112fa, 0x112ff, 0xb6),
    (0x11300, 0x11303, 0x2d),
    (0x11304, 0x11304, 0xb6),
    (0x11305, 0x1130c, 0x2d),
    (0x1130d, 0x1130e, 0xb6),
    (0x1130f, 0x11310, 0x2d),
    (0x11311, 0x11312, 0xb6),
    (0x11313, 0x11328, 0x2d),
    (0x11329, 0x11329, 0xb6),
    (0x1132a, 0x11330, 0x2d),
    (0x11331, 0x11331, 0xb6),
    (0x11332, 0x11333, 0x2d),
    (0x11334, 0x11334, 0xb6),
    (0x11335, 0x11339, 0x2d),
    (0x1133a, 0x1133a, 0xb6),
    (0x1133b, 0x1133b, 0xb1),
    (0x1133c, 0x11344, 0x2d),
    (0x11345, 0x11346, 0xb6),
    (0x11347, 0x11348, 0x2d),
    (0x11349, 0x1134a, 0xb6),
    (0x1134b, 0x1134d, 0x2d),
    (0x1134e, 0x1134f, 0xb6),
    (0x11350, 0x11350, 0x2d),
    (0x11351, 0x11356, 0xb6),
    (0x11357, 0x11357, 0x2d),
    (0x11358, 0x1135c, 0xb6),
    (0x1135d, 0x11363, 0x2d),
    (0x11364, 0x11365, 0xb6),
    (0x11366, 0x1136c, 0x2d),
    (0x1136d, 0x1136f, 0xb6),
    (0x11370, 0x11374, 0x2d),
    (0x11375, 0x113ff, 0xb6),
    (0x11400, 0x11459, 0x6c),
    (0x1145a, 0x1145a, 0xb6),
    (0x1145b, 0x1145b, 0x6c),
    (0x1145c, 0x1145c, 0xb6),
    (0x1145d, 0x1145e, 0x6c),
    (0x1145f, 0x1147f, 0xb6),
    (0x11480, 0x114c7, 0xa7),
    (0x114c8, 0x114cf, 0xb6),
    (0x114d0, 0x114d9, 0xa7),
    (0x114da, 0x1157f, 0xb6),
    (0x11580, 0x115b5, 0x8c),
    (0x115b6, 0x115b7, 0xb6),
    (0x115b8, 0x115dd, 0x8c),
    (0x115de, 0x115ff, 0xb6),
    (0x11600, 0x11644, 0x63),
    (0x11645, 0x1164f, 0xb6),
    (0x11650, 0x11659, 0x63),
    (0x1165a, 0x1165f, 0xb6),
    (0x11660, 0x1166c, 0x64),
    (0x1166d, 0x1167f, 0xb6),
    (0x11680, 0x116b7, 0x9a),
    (0x116b8, 0x116bf, 0xb6),
    (0x116c0, 0x116c9, 0x9a),
    (0x116ca, 0x116ff, 0xb6),
    (0x11700, 0x1171a, 0x3),
    (0x1171b, 0x1171c, 0xb6),
    (0x1171d, 0x1172b, 0x3),
    (0x1172c, 0x1172f, 0xb6),
    (0x11730, 0x1173f, 0x3),
    (0x11740, 0x117ff, 0xb6),
    (0x11800, 0x1183b, 0x1f),
    (0x1183c, 0x1189f, 0xb6),
    (0x118a0, 0x118f2, 0xab),
    (0x118f3, 0x118fe, 0xb6),
    (0x118ff, 0x118ff, 0xab),
    (0x11900, 0x119ff, 0xb6),
    (0x11a00, 0x11a47, 0xb0),
    (0x11a48, 0x11a4f, 0xb6),
    (0x11a50, 0x11a83, 0x92),
    (0x11a84, 0x11a85, 0xb6),
    (0x11a86, 0x11aa2, 0x92),
    (0x11aa3, 0x11abf, 0xb6),
    (0x11ac0, 0x11af8, 0x77),
    (0x11af9, 0x11bff, 0xb6),
    (0x11c00, 0x11c08, 0xd),
    (0x11c09, 0x11c09, 0xb6),
    (0x11c0a, 0x11c36, 0xd),
    (0x11c37, 0x11c37, 0xb6),
    (0x11c38, 0x11c45, 0xd),
    (0x11c46, 0x11c4f, 0xb6),
    (0x11c50, 0x11c6c, 0xd),
    (0x11c6d, 0x11c6f, 0xb6),
    (0x11c70, 0x11c8f, 0x5c),
    (0x11c90, 0x11c91, 0xb6),
    (0x11c92, 0x11ca7, 0x5c),
    (0x11ca8, 0x11ca8, 0xb6),
    (0x11ca9, 0x11cb6, 0x5c),
    (0x11cb7, 0x11cff, 0xb6),
    (0x11d00, 0x11d06, 0x2b),
    (0x11d07, 0x11d07, 0xb6),
    (0x11d08, 0x11d09, 0x2b),
    (0x11d0a, 0x11d0a, 0xb6),
    (0x11d0b, 0x11d36, 0x2b),
    (0x11d37, 0x11d39, 0xb6),
    (0x11d3a, 0x11d3a, 0x2b),
    (0x11d3b, 0x11d3b, 0xb6),
    (0x11d3c, 0x11d3d, 0x2b),
    (0x11d3e, 0x11d3e, 0xb6),
    (0x11d3f, 0x11d47, 0x2b),
    (0x11d48, 0x11d4f, 0xb6),
    (0x11d50, 0x11d59, 0x2b),
    (0x11d5a, 0x11d5f, 0xb6),
    (0x11d60, 0x11d65, 0x2a),
    (0x11d66, 0x11d66, 0xb6),
    (0x11d67, 0x11d68, 0x2a),
    (0x11d69, 0x11d69, 0xb6),
    (0x11d6a, 0x11d8e, 0x2a),
    (0x11d8f, 0x11d8f, 0xb6),
    (0x11d90, 0x11d91, 0x2a),
    (0x11d92, 0x11d92, 0xb6),
    (0x11d93, 0x11d98, 0x2a),
    (0x11d99, 0x11d9f, 0xb6),
    (0x11da0, 0x11da9, 0x2a),
    (0x11daa, 0x11edf, 0xb6),
    (0x11ee0, 0x11ef8, 0x59),
    (0x11ef9, 0x11fff, 0xb6),
    (0x12000, 0x12399, 0xae),
    (0x1239a, 0x123ff, 0xb6),
    (0x12400, 0x1246e, 0xae),
    (0x1246f, 0x1246f, 0xb6),
    (0x12470, 0x12474, 0xae),
    (0x12475, 0x1247f, 0xb6),
    (0x12480, 0x12543, 0xae),
    (0x12544, 0x12fff, 0xb6),
    (0x13000, 0x1342e, 0x24),
    (0x1342f, 0x143ff, 0xb6),
    (0x14400, 0x14646, 0x39),
    (0x14647, 0x167ff, 0xb6),
    (0x16800, 0x16a38, 0x9),
    (0x16a39, 0x16a3f, 0xb6),
    (0x16a40, 0x16a5e, 0x66),
    (0x16a5f, 0x16a5f, 0xb6),
    (0x16a60, 0x16a69, 0x66),
    (0x16a6a, 0x16a6d, 0xb6),
    (0x16a6e, 0x16a6f, 0x66),
    (0x16a70, 0x16acf, 0xb6),
    (0x16ad0, 0x16aed, 0xa),
    (0x16aee, 0x16aef, 0xb6),
    (0x16af0, 0x16af5, 0xa),
    (0x16af6, 0x16aff, 0xb6),
    (0x16b00, 0x16b45, 0x3a),
    (0x16b46, 0x16b4f, 0xb6),
    (0x16b50, 0x16b59, 0x3a),
    (0x16b5a, 0x16b5a, 0xb6),
    (0x16b5b, 0x16b61, 0x3a),
    (0x16b62, 0x16b62, 0xb6),
    (0x16b63, 0x16b77, 0x3a),
    (0x16b78, 0x16b7c, 0xb6),
    (0x16b7d, 0x16b8f, 0x3a),
    (0x16b90, 0x16e3f, 0xb6),
    (0x16e40, 0x16e9a, 0x5e),
    (0x16e9b, 0x16eff, 0xb6),
    (0x16f00, 0x16f44, 0x7e),
    (0x16f45, 0x16f4f, 0xb6),
    (0x16f50, 0x16f7e, 0x7e),
    (0x16f7f, 0x16f8e, 0xb6),
    (0x16f8f, 0x16f9f, 0x7e),
    (0x16fa0, 0x16fdf, 0xb6),
    (0x16fe0, 0x16fe0, 0x9e),
    (0x16fe1, 0x16fe1, 0x6f),
    (0x16fe2, 0x16fff, 0xb6),
    (0x17000, 0x187f1, 0x9e),
    (0x187f2, 0x187ff, 0xb6),
    (0x18800, 0x18af2, 0x9e),
    (0x18af3, 0x1afff, 0xb6),
    (0x1b000, 0x1b000, 0x43),
    (0x1b001, 0x1b11e, 0x38),
    (0x1b11f, 0x1b16f, 0xb6),
    (0x1b170, 0x1b2fb, 0x6f),
    (0x1b2fc, 0x1bbff, 0xb6),
    (0x1bc00, 0x1bc6a, 0x21),
    (0x1bc6b, 0x1bc6f, 0xb6),
    (0x1bc70, 0x1bc7c, 0x21),
    (0x1bc7d, 0x1bc7f, 0xb6),
    (0x1bc80, 0x1bc88, 0x21),
    (0x1bc89, 0x1bc8f, 0xb6),
    (0x1bc90, 0x1bc99, 0x21),
    (0x1bc9a, 0x1bc9b, 0xb6),
    (0x1bc9c, 0x1bc9f, 0x21),
    (0x1bca0, 0x1bca3, 0xb5),
    (0x1bca4, 0x1cfff, 0xb6),
    (0x1d000, 0x1d0f5, 0xb5),
    (0x1d0f6, 0x1d0ff, 0xb6),
    (0x1d100, 0x1d126, 0xb5),
    (0x1d127, 0x1d128, 0xb6),
    (0x1d129, 0x1d166, 0xb5),
    (0x1d167, 0x1d169, 0xb1),
    (0x1d16a, 0x1d17a, 0xb5),
    (0x1d17b, 0x1d182, 0xb1),
    (0x1d183, 0x1d184, 0xb5),
    (0x1d185, 0x1d18b, 0xb1),
    (0x1d18c, 0x1d1a9, 0xb5),
    (0x1d1aa, 0x1d1ad, 0xb1),
    (0x1d1ae, 0x1d1e8, 0xb5),
    (0x1d1e9, 0x1d1ff, 0xb6),
    (0x1d200, 0x1d245, 0x2e),
    (0x1d246, 0x1d2df, 0xb6),
    (0x1d2e0, 0x1d2f3, 0xb5),
    (0x1d2f4, 0x1d2ff, 0xb6),
    (0x1d300, 0x1d356, 0xb5),
    (0x1d357, 0x1d35f, 0xb6),
    (0x1d360, 0x1d378, 0xb5),
    (0x1d379, 0x1d3ff, 0xb6),
    (0x1d400, 0x1d454, 0xb5),
    (0x1d455, 0x1d455, 0xb6),
    (0x1d456, 0x1d49c, 0xb5),
    (0x1d49d, 0x1d49d, 0xb6),
    (0x1d49e, 0x1d49f, 0xb5),
    (0x1d4a0, 0x1d4a1, 0xb6),
    (0x1d4a2, 0x1d4a2, 0xb5),
    (0x1d4a3, 0x1d4a4, 0xb6),
    (0x1d4a5, 0x1d4a6, 0xb5),
    (0x1d4a7, 0x1d4a8, 0xb6),
    (0x1d4a9, 0x1d4ac, 0xb5),
    (0x1d4ad, 0x1d4ad, 0xb6),
    (0x1d4ae, 0x1d4b9, 0xb5),
    (0x1d4ba, 0x1d4ba, 0xb6),
    (0x1d4bb, 0x1d4bb, 0xb5),
    (0x1d4bc, 0x1d4bc, 0xb6),
    (0x1d4bd, 0x1d4c3, 0xb5),
    (0x1d4c4, 0x1d4c4, 0xb6),
    (0x1d4c5, 0x1d505, 0xb5),
    (0x1d506, 0x1d506, 0xb6),
    (0x1d507, 0x1d50a, 0xb5),
    (0x1d50b, 0x1d50c, 0xb6),
    (0x1d50d, 0x1d514, 0xb5),
    (0x1d515, 0x1d515, 0xb6),
    (0x1d516, 0x1d51c, 0xb5),
    (0x1d51d, 0x1d51d, 0xb6),
    (0x1d51e, 0x1d539, 0xb5),
    (0x1d53a, 0x1d53a, 0xb6),
    (0x1d53b, 0x1d53e, 0xb5),
    (0x1d53f, 0x1d53f, 0xb6),
    (0x1d540, 0x1d544, 0xb5),
    (0x1d545, 0x1d545, 0xb6),
    (0x1d546, 0x1d546, 0xb5),
    (0x1d547, 0x1d549, 0xb6),
    (0x1d54a, 0x1d550, 0xb5),
    (0x1d551, 0x1d551, 0xb6),
    (0x1d552, 0x1d6a5, 0xb5),
    (0x1d6a6, 0x1d6a7, 0xb6),
    (0x1d6a8, 0x1d7cb, 0xb5),
    (0x1d7cc, 0x1d7cd, 0xb6),
    (0x1d7ce, 0x1d7ff, 0xb5),
    (0x1d800, 0x1da8b, 0x89),
    (0x1da8c, 0x1da9a, 0xb6),
    (0x1da9b, 0x1da9f, 0x89),
    (0x1daa0, 0x1daa0, 0xb6),
    (0x1daa1, 0x1daaf, 0x89),
    (0x1dab0, 0x1dfff, 0xb6),
    (0x1e000, 0x1e006, 0x29),
    (0x1e007, 0x1e007, 0xb6),
    (0x1e008, 0x1e018, 0x29),
    (0x1e019, 0x1e01a, 0xb6),
    (0x1e01b, 0x1e021, 0x29),
    (0x1e022, 0x1e022, 0xb6),
    (0x1e023, 0x1e024, 0x29),
    (0x1e025, 0x1e025, 0xb6),
    (0x1e026, 0x1e02a, 0x29),
    (0x1e02b, 0x1e7ff, 0xb6),
    (0x1e800, 0x1e8c4, 0x5f),
    (0x1e8c5, 0x1e8c6, 0xb6),
    (0x1e8c7, 0x1e8d6, 0x5f),
    (0x1e8d7, 0x1e8ff, 0xb6),
    (0x1e900, 0x1e94a, 0x0),
    (0x1e94b, 0x1e94f, 0xb6),
    (0x1e950, 0x1e959, 0x0),
    (0x1e95a, 0x1e95d, 0xb6),
    (0x1e95e, 0x1e95f, 0x0),
    (0x1e960, 0x1ec70, 0xb6),
    (0x1ec71, 0x1ecb4, 0xb5),
    (0x1ecb5, 0x1edff, 0xb6),
    (0x1ee00, 0x1ee03, 0x4),
    (0x1ee04, 0x1ee04, 0xb6),
    (0x1ee05, 0x1ee1f, 0x4),
    (0x1ee20, 0x1ee20, 0xb6),
    (0x1ee21, 0x1ee22, 0x4),
    (0x1ee23, 0x1ee23, 0xb6),
    (0x1ee24, 0x1ee24, 0x4),
    (0x1ee25, 0x1ee26, 0xb6),
    (0x1ee27, 0x1ee27, 0x4),
    (0x1ee28, 0x1ee28, 0xb6),
    (0x1ee29, 0x1ee32, 0x4),
    (0x1ee33, 0x1ee33, 0xb6),
    (0x1ee34, 0x1ee37, 0x4),
    (0x1ee38, 0x1ee38, 0xb6),
    (0x1ee39, 0x1ee39, 0x4),
    (0x1ee3a, 0x1ee3a, 0xb6),
    (0x1ee3b, 0x1ee3b, 0x4),
    (0x1ee3c, 0x1ee41, 0xb6),
    (0x1ee42, 0x1ee42, 0x4),
    (0x1ee43, 0x1ee46, 0xb6),
    (0x1ee47, 0x1ee47, 0x4),
    (0x1ee48, 0x1ee48, 0xb6),
    (0x1ee49, 0x1ee49, 0x4),
    (0x1ee4a, 0x1ee4a, 0xb6),
    (0x1ee4b, 0x1ee4b, 0x4),
    (0x1ee4c, 0x1ee4c, 0xb6),
    (0x1ee4d, 0x1ee4f, 0x4),
    (0x1ee50, 0x1ee50, 0xb6),
    (0x1ee51, 0x1ee52, 0x4),
    (0x1ee53, 0x1ee53, 0xb6),
    (0x1ee54, 0x1ee54, 0x4),
    (0x1ee55, 0x1ee56, 0xb6),
    (0x1ee57, 0x1ee57, 0x4),
    (0x1ee58, 0x1ee58, 0xb6),
    (0x1ee59, 0x1ee59, 0x4),
    (0x1ee5a, 0x1ee5a, 0xb6),
    (0x1ee5b, 0x1ee5b, 0x4),
    (0x1ee5c, 0x1ee5c, 0xb6),
    (0x1ee5d, 0x1ee5d, 0x4),
    (0x1ee5e, 0x1ee5e, 0xb6),
    (0x1ee5f, 0x1ee5f, 0x4),
    (0x1ee60, 0x1ee60, 0xb6),
    (0x1ee61, 0x1ee62, 0x4),
    (0x1ee63, 0x1ee63, 0xb6),
    (0x1ee64, 0x1ee64, 0x4),
    (0x1ee65, 0x1ee66, 0xb6),
    (0x1ee67, 0x1ee6a, 0x4),
    (0x1ee6b, 0x1ee6b, 0xb6),
    (0x1ee6c, 0x1ee72, 0x4),
    (0x1ee73, 0x1ee73, 0xb6),
    (0x1ee74, 0x1ee77, 0x4),
    (0x1ee78, 0x1ee78, 0xb6),
    (0x1ee79, 0x1ee7c, 0x4),
    (0x1ee7d, 0x1ee7d, 0xb6),
    (0x1ee7e, 0x1ee7e, 0x4),
    (0x1ee7f, 0x1ee7f, 0xb6),
    (0x1ee80, 0x1ee89, 0x4),
    (0x1ee8a, 0x1ee8a, 0xb6),
    (0x1ee8b, 0x1ee9b, 0x4),
    (0x1ee9c, 0x1eea0, 0xb6),
    (0x1eea1, 0x1eea3, 0x4),
    (0x1eea4, 0x1eea4, 0xb6),
    (0x1eea5, 0x1eea9, 0x4),
    (0x1eeaa, 0x1eeaa, 0xb6),
    (0x1eeab, 0x1eebb, 0x4),
    (0x1eebc, 0x1eeef, 0xb6),
    (0x1eef0, 0x1eef1, 0x4),
    (0x1eef2, 0x1efff, 0xb6),
    (0x1f000, 0x1f02b, 0xb5),
    (0x1f02c, 0x1f02f, 0xb6),
    (0x1f030, 0x1f093, 0xb5),
    (0x1f094, 0x1f09f, 0xb6),
    (0x1f0a0, 0x1f0ae, 0xb5),
    (0x1f0af, 0x1f0b0, 0xb6),
    (0x1f0b1, 0x1f0bf, 0xb5),
    (0x1f0c0, 0x1f0c0, 0xb6),
    (0x1f0c1, 0x1f0cf, 0xb5),
    (0x1f0d0, 0x1f0d0, 0xb6),
    (0x1f0d1, 0x1f0f5, 0xb5),
    (0x1f0f6, 0x1f0ff, 0xb6),
    (0x1f100, 0x1f10c, 0xb5),
    (0x1f10d, 0x1f10f, 0xb6),
    (0x1f110, 0x1f16b, 0xb5),
    (0x1f16c, 0x1f16f, 0xb6),
    (0x1f170, 0x1f1ac, 0xb5),
    (0x1f1ad, 0x1f1e5, 0xb6),
    (0x1f1e6, 0x1f1ff, 0xb5),
    (0x1f200, 0x1f200, 0x38),
    (0x1f201, 0x1f202, 0xb5),
    (0x1f203, 0x1f20f, 0xb6),
    (0x1f210, 0x1f23b, 0xb5),
    (0x1f23c, 0x1f23f, 0xb6),
    (0x1f240, 0x1f248, 0xb5),
    (0x1f249, 0x1f24f, 0xb6),
    (0x1f250, 0x1f251, 0xb5),
    (0x1f252, 0x1f25f, 0xb6),
    (0x1f260, 0x1f265, 0xb5),
    (0x1f266, 0x1f2ff, 0xb6),
    (0x1f300, 0x1f6d4, 0xb5),
    (0x1f6d5, 0x1f6df, 0xb6),
    (0x1f6e0, 0x1f6ec, 0xb5),
    (0x1f6ed, 0x1f6ef, 0xb6),
    (0x1f6f0, 0x1f6f9, 0xb5),
    (0x1f6fa, 0x1f6ff, 0xb6),
    (0x1f700, 0x1f773, 0xb5),
    (0x1f774, 0x1f77f, 0xb6),
    (0x1f780, 0x1f7d8, 0xb5),
    (0x1f7d9, 0x1f7ff, 0xb6),
    (0x1f800, 0x1f80b, 0xb5),
    (0x1f80c, 0x1f80f, 0xb6),
    (0x1f810, 0x1f847, 0xb5),
    (0x1f848, 0x1f84f, 0xb6),
    (0x1f850, 0x1f859, 0xb5),
    (0x1f85a, 0x1f85f, 0xb6),
    (0x1f860, 0x1f887, 0xb5),
    (0x1f888, 0x1f88f, 0xb6),
    (0x1f890, 0x1f8ad, 0xb5),
    (0x1f8ae, 0x1f8ff, 0xb6),
    (0x1f900, 0x1f90b, 0xb5),
    (0x1f90c, 0x1f90f, 0xb6),
    (0x1f910, 0x1f93e, 0xb5),
    (0x1f93f, 0x1f93f, 0xb6),
    (0x1f940, 0x1f970, 0xb5),
    (0x1f971, 0x1f972, 0xb6),
    (0x1f973, 0x1f976, 0xb5),
    (0x1f977, 0x1f979, 0xb6),
    (0x1f97a, 0x1f97a, 0xb5),
    (0x1f97b, 0x1f97b, 0xb6),
    (0x1f97c, 0x1f9a2, 0xb5),
    (0x1f9a3, 0x1f9af, 0xb6),
    (0x1f9b0, 0x1f9b9, 0xb5),
    (0x1f9ba, 0x1f9bf, 0xb6),
    (0x1f9c0, 0x1f9c2, 0xb5),
    (0x1f9c3, 0x1f9cf, 0xb6),
    (0x1f9d0, 0x1f9ff, 0xb5),
    (0x1fa00, 0x1fa5f, 0xb6),
    (0x1fa60, 0x1fa6d, 0xb5),
    (0x1fa6e, 0x1ffff, 0xb6),
    (0x20000, 0x2a6d6, 0x32),
    (0x2a6d7, 0x2a6ff, 0xb6),
    (0x2a700, 0x2b734, 0x32),
    (0x2b735, 0x2b73f, 0xb6),
    (0x2b740, 0x2b81d, 0x32),
    (0x2b81e, 0x2b81f, 0xb6),
    (0x2b820, 0x2cea1, 0x32),
    (0x2cea2, 0x2ceaf, 0xb6),
    (0x2ceb0, 0x2ebe0, 0x32),
    (0x2ebe1, 0x2f7ff, 0xb6),
    (0x2f800, 0x2fa1d, 0x32),
    (0x2fa1e, 0xe0000, 0xb6),
    (0xe0001, 0xe0001, 0xb5),
    (0xe0002, 0xe001f, 0xb6),
    (0xe0020, 0xe007f, 0xb5),
    (0xe0080, 0xe00ff, 0xb6),
    (0xe0100, 0xe01ef, 0xb1),
    (0xe01f0, 0xffffffff, 0xb6),
];
pub(super) static PROPERTIES_0: &[(u32, u32, u64)] =
    &[(0x9, 0xd, 0x40000001), (0x85, 0x85, 0x40000001)];
pub(super) static PROPERTIES_1: &[(u32, u32, u64)] = &[
    (0xad, 0xad, 0x10),
    (0x600, 0x605, 0x100000000),
    (0x61c, 0x61c, 0x2),
    (0x6dd, 0x6dd, 0x100000000),
    (0x70f, 0x70f, 0x100000000),
    (0x8e2, 0x8e2, 0x100000000),
    (0x200c, 0x200c, 0x20004),
    (0x200d, 0x200d, 0x4000000004),
    (0x200e, 0x200f, 0x40000002),
    (0x202a, 0x202e, 0x2),
    (0x2061, 0x2064, 0x80),
    (0x2066, 0x2069, 0x2),
    (0x206a, 0x206f, 0x800000),
    (0x110bd, 0x110bd, 0x100000000),
    (0x110cd, 0x110cd, 0x100000000),
    (0xe0001, 0xe0001, 0x800000),
    (0xe0020, 0xe0020, 0x4000020000),
    (0xe0021, 0xe0021, 0x2000004000020000),
    (0xe0022, 0xe002b, 0x4000020000),
    (0xe002c, 0xe002c, 0x1000004000020000),
    (0xe002d, 0xe002d, 0x4000020000),
    (0xe002e, 0xe002e, 0x8000004000020000),
    (0xe002f, 0xe0039, 0x4000020000),
    (0xe003a, 0xe003a, 0x800004000020000),
    (0xe003b, 0xe003b, 0x400004000020000),
    (0xe003c, 0xe003e, 0x4000020000),
    (0xe003f, 0xe003f, 0x4000004000020000),
    (0xe0040, 0xe007f, 0x4000020000),
];
pub(super) static PROPERTIES_2: &[(u32, u32, u64)] = &[
    (0x2065, 0x2065, 0x400000),
    (0x2427, 0x243f, 0x80000000),
    (0x244b, 0x245f, 0x80000000),
    (0x2b74, 0x2b75, 0x80000000),
    (0x2b96, 0x2b97, 0x80000000),
    (0x2bba, 0x2bbc, 0x80000000),
    (0x2bc9, 0x2bc9, 0x80000000),
    (0x2bd3, 0x2beb, 0x80000000),
    (0x2bf0, 0x2bff, 0x80000000),
    (0x2e45, 0x2e7f, 0x80000000),
    (0xfdd0, 0xfdef, 0x10000),
    (0xfff0, 0xfff8, 0x400000),
    (0xfffe, 0xffff, 0x10000),
    (0x1f000, 0x1fffd, 0x8000000000),
    (0x1fffe, 0x1ffff, 0x10000),
    (0x2fffe, 0x2ffff, 0x10000),
    (0x3fffe, 0x3ffff, 0x10000),
    (0x4fffe, 0x4ffff, 0x10000),
    (0x5fffe, 0x5ffff, 0x10000),
    (0x6fffe, 0x6ffff, 0x10000),
    (0x7fffe, 0x7ffff, 0x10000),
    (0x8fffe, 0x8ffff, 0x10000),
    (0x9fffe, 0x9ffff, 0x10000),
    (0xafffe, 0xaffff, 0x10000),
    (0xbfffe, 0xbffff, 0x10000),
    (0xcfffe, 0xcffff, 0x10000),
    (0xdfffe, 0xdffff, 0x10000),
    (0xe0000, 0xe0000, 0x400000),
    (0xe0002, 0xe001f, 0x400000),
    (0xe0080, 0xe00ff, 0x400000),
    (0xe01f0, 0xe0fff, 0x400000),
    (0xefffe, 0xeffff, 0x10000),
    (0xffffe, 0xfffff, 0x10000),
    (0x10fffe, 0x10ffff, 0x10000),
];
pub(super) static PROPERTIES_3: &[(u32, u32, u64)] = &[];
pub(super) static PROPERTIES_4: &[(u32, u32, u64)] = &[];
pub(super) static PROPERTIES_5: &[(u32, u32, u64)] = &[];
pub(super) static PROPERTIES_6: &[(u32, u32, u64)] = &[
    (0x61, 0x66, 0x300),
    (0x69, 0x6a, 0x1000000),
    (0x12f, 0x12f, 0x1000000),
    (0x149, 0x149, 0x800000),
    (0x249, 0x249, 0x1000000),
    (0x268, 0x268, 0x1000000),
    (0x29d, 0x29d, 0x1000000),
    (0x3d0, 0x3d2, 0x80),
    (0x3d5, 0x3d5, 0x80),
    (0x3f0, 0x3f1, 0x80),
    (0x3f3, 0x3f3, 0x1000000),
    (0x3f4, 0x3f5, 0x80),
    (0x456, 0x456, 0x1000000),
    (0x458, 0x458, 0x1000000),
    (0x1d96, 0x1d96, 0x1000000),
    (0x1e2d, 0x1e2d, 0x1000000),
    (0x1ecb, 0x1ecb, 0x1000000),
    (0x210a, 0x2113, 0x80),
    (0x212f, 0x2131, 0x80),
    (0x2133, 0x2134, 0x80),
    (0x2139, 0x2139, 0x8200000000),
    (0x213c, 0x213f, 0x80),
    (0x2145, 0x2147, 0x80),
    (0x2148, 0x2149, 0x1000080),
    (0xff41, 0xff46, 0x100),
    (0x1d400, 0x1d421, 0x80),
    (0x1d422, 0x1d423, 0x1000080),
    (0x1d424, 0x1d454, 0x80),
    (0x1d456, 0x1d457, 0x1000080),
    (0x1d458, 0x1d489, 0x80),
    (0x1d48a, 0x1d48b, 0x1000080),
    (0x1d48c, 0x1d49c, 0x80),
    (0x1d4ae, 0x1d4b9, 0x80),
    (0x1d4bb, 0x1d4bb, 0x80),
    (0x1d4bd, 0x1d4bd, 0x80),
    (0x1d4be, 0x1d4bf, 0x1000080),
    (0x1d4c0, 0x1d4c3, 0x80),
    (0x1d4c5, 0x1d4f1, 0x80),
    (0x1d4f2, 0x1d4f3, 0x1000080),
    (0x1d4f4, 0x1d505, 0x80),
    (0x1d51e, 0x1d525, 0x80),
    (0x1d526, 0x1d527, 0x1000080),
    (0x1d528, 0x1d539, 0x80),
    (0x1d552, 0x1d559, 0x80),
    (0x1d55a, 0x1d55b, 0x1000080),
    (0x1d55c, 0x1d58d, 0x80),
    (0x1d58e, 0x1d58f, 0x1000080),
    (0x1d590, 0x1d5c1, 0x80),
    (0x1d5c2, 0x1d5c3, 0x1000080),
    (0x1d5c4, 0x1d5f5, 0x80),
    (0x1d5f6, 0x1d5f7, 0x1000080),
    (0x1d5f8, 0x1d629, 0x80),
    (0x1d62a, 0x1d62b, 0x1000080),
    (0x1d62c, 0x1d65d, 0x80),
    (0x1d65e, 0x1d65f, 0x1000080),
    (0x1d660, 0x1d691, 0x80),
    (0x1d692, 0x1d693, 0x1000080),
    (0x1d694, 0x1d6a5, 0x80),
    (0x1d6c2, 0x1d6da, 0x80),
    (0x1d6dc, 0x1d6fa, 0x80),
    (0x1d6fc, 0x1d714, 0x80),
    (0x1d716, 0x1d734, 0x80),
    (0x1d736, 0x1d74e, 0x80),
    (0x1d750, 0x1d76e, 0x80),
    (0x1d770, 0x1d788, 0x80),
    (0x1d78a, 0x1d7a8, 0x80),
    (0x1d7aa, 0x1d7c2, 0x80),
    (0x1d7c4, 0x1d7cb, 0x80),
];
pub(super) static PROPERTIES_7: &[(u32, u32, u64)] = &[
    (0x2b0, 0x2b1, 0x5000),
    (0x2b2, 0x2b2, 0x1005000),
    (0x2b3, 0x2b8, 0x5000),
    (0x2b9, 0x2bf, 0x1000),
    (0x2c0, 0x2c1, 0x5000),
    (0x2c6, 0x2cf, 0x1000),
    (0x2d0, 0x2d1, 0x3000),
    (0x2e0, 0x2e4, 0x5000),
    (0x2ec, 0x2ec, 0x1000),
    (0x2ee, 0x2ee, 0x1000),
    (0x374, 0x374, 0x1000),
    (0x37a, 0x37a, 0x5000),
    (0x559, 0x559, 0x1000),
    (0x640, 0x640, 0x2000),
    (0x6e5, 0x6e6, 0x1000),
    (0x7f4, 0x7f5, 0x1000),
    (0x7fa, 0x7fa, 0x2000),
    (0x971, 0x971, 0x1000),
    (0xe46, 0xe46, 0x2000),
    (0xec6, 0xec6, 0x2000),
    (0x1843, 0x1843, 0x2000),
    (0x1aa7, 0x1aa7, 0x2000),
    (0x1c78, 0x1c7a, 0x1000),
    (0x1c7b, 0x1c7b, 0x3000),
    (0x1c7c, 0x1c7d, 0x1000),
    (0x1d2c, 0x1d61, 0x5000),
    (0x1d62, 0x1d62, 0x1005000),
    (0x1d63, 0x1d6a, 0x5000),
    (0x1d78, 0x1d78, 0x4000),
    (0x1d9b, 0x1da3, 0x4000),
    (0x1da4, 0x1da4, 0x1004000),
    (0x1da5, 0x1da7, 0x4000),
    (0x1da8, 0x1da8, 0x1004000),
    (0x1da9, 0x1dbf, 0x4000),
    (0x2071, 0x2071, 0x1004000),
    (0x207f, 0x207f, 0x4000),
    (0x2090, 0x209c, 0x4000),
    (0x2c7c, 0x2c7c, 0x1004000),
    (0x2c7d, 0x2c7d, 0x4000),
    (0x2e2f, 0x2e2f, 0x80001000),
    (0x3005, 0x3005, 0x2000),
    (0x3031, 0x3035, 0x2000),
    (0x309d, 0x309e, 0x2000),
    (0x30fc, 0x30fc, 0x3000),
    (0x30fd, 0x30fe, 0x2000),
    (0xa015, 0xa015, 0x2000),
    (0xa60c, 0xa60c, 0x2000),
    (0xa67f, 0xa67f, 0x1000),
    (0xa69c, 0xa69d, 0x5000),
    (0xa717, 0xa71f, 0x1000),
    (0xa770, 0xa770, 0x4000),
    (0xa788, 0xa788, 0x1000),
    (0xa7f8, 0xa7f9, 0x5000),
    (0xa9cf, 0xa9cf, 0x2000),
    (0xa9e6, 0xa9e6, 0x2000),
    (0xaa70, 0xaa70, 0x2000),
    (0xaadd, 0xaadd, 0x2000),
    (0xaaf3, 0xaaf4, 0x2000),
    (0xab5c, 0xab5f, 0x5000),
    (0xff70, 0xff70, 0x3000),
    (0xff9e, 0xff9f, 0x21000),
    (0x16b42, 0x16b43, 0x2000),
    (0x16f93, 0x16f9f, 0x1000),
    (0x16fe0, 0x16fe1, 0x2000),
];
pub(super) static PROPERTIES_8: &[(u32, u32, u64)] = &[
    (0xaa, 0xaa, 0x4000),
    (0xba, 0xba, 0x4000),
    (0x673, 0x673, 0x800000),
    (0xe40, 0xe44, 0x2000000),
    (0xeaf, 0xeaf, 0x200000000000000),
    (0xec0, 0xec4, 0x2000000),
    (0x115f, 0x1160, 0x400000),
    (0x17a3, 0x17a4, 0x800000),
    (0x19b5, 0x19b7, 0x2000000),
    (0x19ba, 0x19ba, 0x2000000),
    (0x2135, 0x2138, 0x80),
    (0x3006, 0x3006, 0x800),
    (0x3164, 0x3164, 0x400000),
    (0x3400, 0x4db5, 0x200800),
    (0x4e00, 0x9fef, 0x200800),
    (0xaab5, 0xaab6, 0x2000000),
    (0xaab9, 0xaab9, 0x2000000),
    (0xaabb, 0xaabc, 0x2000000),
    (0xaac0, 0xaac0, 0x1000),
    (0xaac2, 0xaac2, 0x1000),
    (0xf900, 0xfa0d, 0x800),
    (0xfa0e, 0xfa0f, 0x200800),
    (0xfa10, 0xfa10, 0x800),
    (0xfa11, 0xfa11, 0x200800),
    (0xfa12, 0xfa12, 0x800),
    (0xfa13, 0xfa14, 0x200800),
    (0xfa15, 0xfa1e, 0x800),
    (0xfa1f, 0xfa1f, 0x200800),
    (0xfa20, 0xfa20, 0x800),
    (0xfa21, 0xfa21, 0x200800),
    (0xfa22, 0xfa22, 0x800),
    (0xfa23, 0xfa24, 0x200800),
    (0xfa25, 0xfa26, 0x800),
    (0xfa27, 0xfa29, 0x200800),
    (0xfa2a, 0xfa6d, 0x800),
    (0xfa70, 0xfad9, 0x800),
    (0xffa0, 0xffa0, 0x400000),
    (0x10d22, 0x10d23, 0x1000),
    (0x1135d, 0x1135d, 0x2000),
    (0x17000, 0x187f1, 0x800),
    (0x18800, 0x18af2, 0x800),
    (0x1b170, 0x1b2fb, 0x800),
    (0x1ee00, 0x1eeff, 0x80),
    (0x20000, 0x2a6d6, 0x200800),
    (0x2a700, 0x2b734, 0x200800),
    (0x2b740, 0x2b81d, 0x200800),
    (0x2b820, 0x2cea1, 0x200800),
    (0x2ceb0, 0x2ebe0, 0x200800),
    (0x2f800, 0x2fa1d, 0x800),
];
pub(super) static PROPERTIES_9: &[(u32, u32, u64)] = &[];
pub(super) static PROPERTIES_10: &[(u32, u32, u64)] = &[
    (0x41, 0x46, 0x300),
    (0x3d0, 0x3d2, 0x80),
    (0x3f4, 0x3f5, 0x80),
    (0x2102, 0x2102, 0x80),
    (0x2107, 0x2107, 0x80),
    (0x210a, 0x2113, 0x80),
    (0x2115, 0x2115, 0x80),
    (0x2119, 0x211d, 0x80),
    (0x2124, 0x2124, 0x80),
    (0x2128, 0x2128, 0x80),
    (0x212c, 0x212d, 0x80),
    (0x212f, 0x2131, 0x80),
    (0x2133, 0x2134, 0x80),
    (0x213c, 0x213f, 0x80),
    (0x2145, 0x2149, 0x80),
    (0xff21, 0xff26, 0x100),
    (0x1d400, 0x1d454, 0x80),
    (0x1d456, 0x1d49c, 0x80),
    (0x1d49e, 0x1d49f, 0x80),
    (0x1d4a2, 0x1d4a2, 0x80),
    (0x1d4a5, 0x1d4a6, 0x80),
    (0x1d4a9, 0x1d4ac, 0x80),
    (0x1d4ae, 0x1d4b9, 0x80),
    (0x1d4c5, 0x1d505, 0x80),
    (0x1d507, 0x1d50a, 0x80),
    (0x1d50d, 0x1d514, 0x80),
    (0x1d516, 0x1d51c, 0x80),
    (0x1d51e, 0x1d539, 0x80),
    (0x1d53b, 0x1d53e, 0x80),
    (0x1d540, 0x1d544, 0x80),
    (0x1d546, 0x1d546, 0x80),
    (0x1d54a, 0x1d550, 0x80),
    (0x1d552, 0x1d6a5, 0x80),
    (0x1d6a8, 0x1d6c0, 0x80),
    (0x1d6dc, 0x1d6fa, 0x80),
    (0x1d716, 0x1d734, 0x80),
    (0x1d750, 0x1d76e, 0x80),
    (0x1d78a, 0x1d7a8, 0x80),
    (0x1d7c4, 0x1d7cb, 0x80),
];
pub(super) static PROPERTIES_11: &[(u32, u32, u64)] = &[
    (0x0, 0x9bd, 0x400),
    (0x9be, 0x9be, 0x20400),
    (0x9bf, 0x9d6, 0x400),
    (0x9d7, 0x9d7, 0x20400),
    (0x9d8, 0xb3d, 0x400),
    (0xb3e, 0xb3e, 0x20400),
    (0xb3f, 0xb56, 0x400),
    (0xb57, 0xb57, 0x20400),
    (0xb58, 0xbbd, 0x400),
    (0xbbe, 0xbbe, 0x20400),
    (0xbbf, 0xbd6, 0x400),
    (0xbd7, 0xbd7, 0x20400),
    (0xbd8, 0xcc1, 0x400),
    (0xcc2, 0xcc2, 0x20400),
    (0xcc3, 0xcd4, 0x400),
    (0xcd5, 0xcd6, 0x20400),
    (0xcd7, 0xd3d, 0x400),
    (0xd3e, 0xd3e, 0x20400),
    (0xd3f, 0xd56, 0x400),
    (0xd57, 0xd57, 0x20400),
    (0xd58, 0xdce, 0x400),
    (0xdcf, 0xdcf, 0x20400),
    (0xdd0, 0xdde, 0x400),
    (0xddf, 0xddf, 0x20400),
    (0xde0, 0xf3d, 0x400),
    (0xf3e, 0xf3f, 0x1000),
    (0xf40, 0xfff, 0x400),
    (0x102b, 0x102c, 0x400),
    (0x1031, 0x1031, 0x400),
    (0x1038, 0x1038, 0x400),
    (0x103b, 0x103c, 0x400),
    (0x1056, 0x1057, 0x400),
    (0x1062, 0x1062, 0x400),
    (0x1067, 0x1068, 0x400),
    (0x1083, 0x1084, 0x400),
    (0x1087, 0x108c, 0x1000),
    (0x108f, 0x108f, 0x1000),
    (0x109a, 0x109b, 0x1000),
    (0x109c, 0x109c, 0x400),
    (0x1100, 0x1aff, 0x400),
    (0x1b04, 0x1b04, 0x400),
    (0x1b35, 0x1b35, 0x400),
    (0x1b3b, 0x1b3b, 0x400),
    (0x1b3d, 0x1b41, 0x400),
    (0x1b43, 0x1b43, 0x400),
    (0x1b44, 0x1b44, 0x1000),
    (0x1b82, 0x1b82, 0x400),
    (0x1ba1, 0x1ba1, 0x400),
    (0x1ba6, 0x1ba7, 0x400),
    (0x1baa, 0x1baa, 0x1000),
    (0x1be7, 0x1be7, 0x400),
    (0x1bea, 0x1bec, 0x400),
    (0x1bee, 0x1bee, 0x400),
    (0x1c00, 0x1ce0, 0x400),
    (0x1ce1, 0x1ce1, 0x1000),
    (0x1ce2, 0x1cf6, 0x400),
    (0x1cf7, 0x1cf7, 0x1000),
    (0x1cf8, 0x302d, 0x400),
    (0x302e, 0x302f, 0x21000),
    (0x3030, 0xa952, 0x400),
    (0xa953, 0xa953, 0x1000),
    (0xa954, 0xa9bf, 0x400),
    (0xa9c0, 0xa9c0, 0x1000),
    (0xa9c1, 0xaa7a, 0x400),
    (0xaa7b, 0xaa7b, 0x1000),
    (0xaa7c, 0xaa7c, 0x400),
    (0xaa7d, 0xaa7d, 0x1000),
    (0xaa7e, 0xabeb, 0x400),
    (0xabec, 0xabec, 0x1000),
    (0xabed, 0x111bf, 0x400),
    (0x111c0, 0x111c0, 0x1000),
    (0x111c1, 0x11234, 0x400),
    (0x11235, 0x11235, 0x1000),
    (0x11236, 0x1133d, 0x400),
    (0x1133e, 0x1133e, 0x20400),
    (0x1133f, 0x1134c, 0x400),
    (0x1134d, 0x1134d, 0x1000),
    (0x1134e, 0x11356, 0x400),
    (0x11357, 0x11357, 0x20400),
    (0x11358, 0x114af, 0x400),
    (0x114b0, 0x114b0, 0x20400),
    (0x114b1, 0x114bc, 0x400),
    (0x114bd, 0x114bd, 0x20400),
    (0x114be, 0x115ae, 0x400),
    (0x115af, 0x115af, 0x20400),
    (0x115b0, 0x116b5, 0x400),
    (0x116b6, 0x116b6, 0x1000),
    (0x116b7, 0x1d164, 0x400),
    (0x1d165, 0x1d165, 0x20000),
    (0x1d167, 0x1d16c, 0x400),
    (0x1d16d, 0x1d16d, 0x1000),
    (0x1d16e, 0x1d172, 0x21000),
    (0x1d173, 0xffffffff, 0x400),
];
pub(super) static PROPERTIES_12: &[(u32, u32, u64)] = &[(0x20e3, 0x20e3, 0x4000000000)];
pub(super) static PROPERTIES_13: &[(u32, u32, u64)] = &[
    (0x300, 0x344, 0x1000),
    (0x345, 0x345, 0x5400),
    (0x346, 0x34e, 0x1000),
    (0x34f, 0x34f, 0x400000),
    (0x350, 0x357, 0x1000),
    (0x35d, 0x362, 0x1000),
    (0x483, 0x487, 0x1000),
    (0x591, 0x5a1, 0x1000),
    (0x5a3, 0x5af, 0x1000),
    (0x5b0, 0x5bd, 0x1400),
    (0x5bf, 0x5bf, 0x1400),
    (0x5c1, 0x5c2, 0x1400),
    (0x5c4, 0x5c4, 0x1400),
    (0x5c5, 0x5c5, 0x400),
    (0x5c7, 0x5c7, 0x400),
    (0x610, 0x61a, 0x400),
    (0x64b, 0x652, 0x1400),
    (0x653, 0x656, 0x400),
    (0x657, 0x657, 0x1400),
    (0x658, 0x658, 0x1000),
    (0x659, 0x65f, 0x400),
    (0x670, 0x670, 0x400),
    (0x6d6, 0x6dc, 0x400),
    (0x6df, 0x6e0, 0x1000),
    (0x6e1, 0x6e4, 0x400),
    (0x6e7, 0x6e8, 0x400),
    (0x6ea, 0x6ec, 0x1000),
    (0x6ed, 0x6ed, 0x400),
    (0x711, 0x711, 0x400),
    (0x730, 0x73f, 0x1400),
    (0x740, 0x74a, 0x1000),
    (0x7a6, 0x7b0, 0x1400),
    (0x7eb, 0x7f3, 0x1000),
    (0x816, 0x817, 0x400),
    (0x818, 0x819, 0x1000),
    (0x81b, 0x823, 0x400),
    (0x825, 0x827, 0x400),
    (0x829, 0x82c, 0x400),
    (0x8d4, 0x8df, 0x400),
    (0x8e3, 0x8e9, 0x1400),
    (0x8ea, 0x8ef, 0x1000),
    (0x8f0, 0x8fe, 0x1400),
    (0x8ff, 0x902, 0x400),
    (0x93a, 0x93a, 0x400),
    (0x93c, 0x93c, 0x1000),
    (0x941, 0x948, 0x400),
    (0x94d, 0x94d, 0x1000),
    (0x951, 0x954, 0x1000),
    (0x955, 0x957, 0x400),
    (0x962, 0x963, 0x400),
    (0x981, 0x981, 0x400),
    (0x9bc, 0x9bc, 0x1000),
    (0x9c1, 0x9c4, 0x400),
    (0x9cd, 0x9cd, 0x1000),
    (0x9e2, 0x9e3, 0x400),
    (0xa01, 0xa02, 0x400),
    (0xa3c, 0xa3c, 0x1000),
    (0xa41, 0xa42, 0x400),
    (0xa47, 0xa48, 0x400),
    (0xa4b, 0xa4c, 0x400),
    (0xa4d, 0xa4d, 0x1000),
    (0xa51, 0xa51, 0x400),
    (0xa70, 0xa71, 0x400),
    (0xa75, 0xa75, 0x400),
    (0xa81, 0xa82, 0x400),
    (0xabc, 0xabc, 0x1000),
    (0xac1, 0xac5, 0x400),
    (0xac7, 0xac8, 0x400),
    (0xacd, 0xacd, 0x1000),
    (0xae2, 0xae3, 0x400),
    (0xafa, 0xafc, 0x400),
    (0xafd, 0xaff, 0x1000),
    (0xb01, 0xb01, 0x400),
    (0xb3c, 0xb3c, 0x1000),
    (0xb3f, 0xb3f, 0x400),
    (0xb41, 0xb44, 0x400),
    (0xb4d, 0xb4d, 0x1000),
    (0xb56, 0xb56, 0x400),
    (0xb62, 0xb63, 0x400),
    (0xb82, 0xb82, 0x400),
    (0xbc0, 0xbc0, 0x400),
    (0xbcd, 0xbcd, 0x1000),
    (0xc00, 0xc00, 0x400),
    (0xc3e, 0xc40, 0x400),
    (0xc46, 0xc48, 0x400),
    (0xc4a, 0xc4c, 0x400),
    (0xc4d, 0xc4d, 0x1000),
    (0xc55, 0xc56, 0x400),
    (0xc62, 0xc63, 0x400),
    (0xc81, 0xc81, 0x400),
    (0xcbc, 0xcbc, 0x1000),
    (0xcbf, 0xcbf, 0x400),
    (0xcc6, 0xcc6, 0x400),
    (0xccc, 0xccc, 0x400),
    (0xccd, 0xccd, 0x1000),
    (0xce2, 0xce3, 0x400),
    (0xd00, 0xd01, 0x400),
    (0xd3b, 0xd3c, 0x1000),
    (0xd41, 0xd44, 0x400),
    (0xd4d, 0xd4d, 0x1000),
    (0xd62, 0xd63, 0x400),
    (0xdca, 0xdca, 0x1000),
    (0xdd2, 0xdd4, 0x400),
    (0xdd6, 0xdd6, 0x400),
    (0xe31, 0xe31, 0x400),
    (0xe34, 0xe3a, 0x400),
    (0xe47, 0xe4c, 0x1000),
    (0xe4d, 0xe4d, 0x400),
    (0xe4e, 0xe4e, 0x1000),
    (0xeb1, 0xeb1, 0x400),
    (0xeb4, 0xeb9, 0x400),
    (0xebb, 0xebc, 0x400),
    (0xec8, 0xecc, 0x1000),
    (0xecd, 0xecd, 0x400),
    (0xf18, 0xf19, 0x1000),
    (0xf35, 0xf35, 0x1000),
    (0xf37, 0xf37, 0x1000),
    (0xf39, 0xf39, 0x1000),
    (0xf71, 0xf76, 0x400),
    (0xf77, 0xf77, 0x800400),
    (0xf78, 0xf78, 0x400),
    (0xf79, 0xf79, 0x800400),
    (0xf7a, 0xf7e, 0x400),
    (0xf80, 0xf81, 0x400),
    (0xf82, 0xf84, 0x1000),
    (0xf86, 0xf87, 0x1000),
    (0xf8d, 0xf97, 0x400),
    (0xf99, 0xfbc, 0x400),
    (0xfc6, 0xfc6, 0x1000),
    (0x102d, 0x1030, 0x400),
    (0x1032, 0x1036, 0x400),
    (0x1037, 0x1037, 0x1000),
    (0x1039, 0x103a, 0x1000),
    (0x103d, 0x103e, 0x400),
    (0x1058, 0x1059, 0x400),
    (0x105e, 0x1060, 0x400),
    (0x1071, 0x1074, 0x400),
    (0x1082, 0x1082, 0x400),
    (0x1085, 0x1086, 0x400),
    (0x108d, 0x108d, 0x1000),
    (0x109d, 0x109d, 0x400),
    (0x135f, 0x135f, 0x400),
    (0x1712, 0x1713, 0x400),
    (0x1732, 0x1733, 0x400),
    (0x1752, 0x1753, 0x400),
    (0x1772, 0x1773, 0x400),
    (0x17b4, 0x17b5, 0x400000),
    (0x17b7, 0x17bd, 0x400),
    (0x17c6, 0x17c6, 0x400),
    (0x17c9, 0x17d3, 0x1000),
    (0x17dd, 0x17dd, 0x1000),
    (0x180b, 0x180d, 0x20000000),
    (0x1885, 0x1886, 0x4000400),
    (0x18a9, 0x18a9, 0x400),
    (0x1920, 0x1922, 0x400),
    (0x1927, 0x1928, 0x400),
    (0x1932, 0x1932, 0x400),
    (0x1939, 0x193b, 0x1000),
    (0x1a17, 0x1a18, 0x400),
    (0x1a1b, 0x1a1b, 0x400),
    (0x1a56, 0x1a56, 0x400),
    (0x1a58, 0x1a5e, 0x400),
    (0x1a62, 0x1a62, 0x400),
    (0x1a65, 0x1a6c, 0x400),
    (0x1a73, 0x1a74, 0x400),
    (0x1a75, 0x1a7c, 0x1000),
    (0x1a7f, 0x1a7f, 0x1000),
    (0x1ab0, 0x1abd, 0x1000),
    (0x1b00, 0x1b03, 0x400),
    (0x1b34, 0x1b34, 0x1000),
    (0x1b36, 0x1b3a, 0x400),
    (0x1b3c, 0x1b3c, 0x400),
    (0x1b42, 0x1b42, 0x400),
    (0x1b6b, 0x1b73, 0x1000),
    (0x1b80, 0x1b81, 0x400),
    (0x1ba2, 0x1ba5, 0x400),
    (0x1ba8, 0x1ba9, 0x400),
    (0x1bab, 0x1bab, 0x1000),
    (0x1bac, 0x1bad, 0x400),
    (0x1be8, 0x1be9, 0x400),
    (0x1bed, 0x1bed, 0x400),
    (0x1bef, 0x1bf1, 0x400),
    (0x1c2c, 0x1c33, 0x400),
    (0x1c36, 0x1c36, 0x3000),
    (0x1c37, 0x1c37, 0x1000),
    (0x1cd0, 0x1cd2, 0x1000),
    (0x1cd4, 0x1ce0, 0x1000),
    (0x1ce2, 0x1ce8, 0x1000),
    (0x1ced, 0x1ced, 0x1000),
    (0x1cf4, 0x1cf4, 0x1000),
    (0x1cf8, 0x1cf9, 0x1000),
    (0x1dc4, 0x1dcf, 0x1000),
    (0x1de7, 0x1df4, 0x400),
    (0x1df5, 0x1df9, 0x1000),
    (0x1dfd, 0x1dff, 0x1000),
    (0x20d0, 0x20dc, 0x80),
    (0x20e1, 0x20e1, 0x80),
    (0x20e5, 0x20e6, 0x80),
    (0x20eb, 0x20ef, 0x80),
    (0x2cef, 0x2cf1, 0x1000),
    (0x2de0, 0x2dff, 0x400),
    (0x302a, 0x302d, 0x1000),
    (0x3099, 0x309a, 0x1000),
    (0xa66f, 0xa66f, 0x1000),
    (0xa674, 0xa67b, 0x400),
    (0xa67c, 0xa67d, 0x1000),
    (0xa69e, 0xa69f, 0x400),
    (0xa6f0, 0xa6f1, 0x1000),
    (0xa825, 0xa826, 0x400),
    (0xa8c4, 0xa8c4, 0x1000),
    (0xa8c5, 0xa8c5, 0x400),
    (0xa8e0, 0xa8f1, 0x1000),
    (0xa926, 0xa92a, 0x400),
    (0xa92b, 0xa92d, 0x1000),
    (0xa947, 0xa951, 0x400),
    (0xa980, 0xa982, 0x400),
    (0xa9b3, 0xa9b3, 0x1000),
    (0xa9b6, 0xa9b9, 0x400),
    (0xa9bc, 0xa9bc, 0x400),
    (0xa9e5, 0xa9e5, 0x1000),
    (0xaa29, 0xaa2e, 0x400),
    (0xaa31, 0xaa32, 0x400),
    (0xaa35, 0xaa36, 0x400),
    (0xaa43, 0xaa43, 0x400),
    (0xaa4c, 0xaa4c, 0x400),
    (0xaa7c, 0xaa7c, 0x1000),
    (0xaab0, 0xaab0, 0x400),
    (0xaab2, 0xaab4, 0x400),
    (0xaab7, 0xaab8, 0x400),
    (0xaabe, 0xaabe, 0x400),
    (0xaabf, 0xaabf, 0x1000),
    (0xaac1, 0xaac1, 0x1000),
    (0xaaec, 0xaaed, 0x400),
    (0xaaf6, 0xaaf6, 0x1000),
    (0xabe5, 0xabe5, 0x400),
    (0xabe8, 0xabe8, 0x400),
    (0xabed, 0xabed, 0x1000),
    (0xfb1e, 0xfb1e, 0x1400),
    (0xfe00, 0xfe0e, 0x20000000),
    (0xfe0f, 0xfe0f, 0x4020000000),
    (0xfe20, 0xfe2f, 0x1000),
    (0x102e0, 0x102e0, 0x1000),
    (0x10376, 0x1037a, 0x400),
    (0x10a01, 0x10a03, 0x400),
    (0x10a05, 0x10a06, 0x400),
    (0x10a0c, 0x10a0f, 0x400),
    (0x10ae5, 0x10ae6, 0x1000),
    (0x10d24, 0x10d27, 0x1400),
    (0x10f46, 0x10f50, 0x1000),
    (0x11001, 0x11001, 0x400),
    (0x11038, 0x11045, 0x400),
    (0x110b3, 0x110b6, 0x400),
    (0x110b9, 0x110ba, 0x1000),
    (0x11100, 0x11102, 0x400),
    (0x11127, 0x1112b, 0x400),
    (0x1112d, 0x11132, 0x400),
    (0x11133, 0x11134, 0x1000),
    (0x11173, 0x11173, 0x1000),
    (0x11180, 0x11181, 0x400),
    (0x111b6, 0x111be, 0x400),
    (0x111ca, 0x111cc, 0x1000),
    (0x1122f, 0x11231, 0x400),
    (0x11234, 0x11234, 0x400),
    (0x11236, 0x11236, 0x1000),
    (0x11237, 0x11237, 0x400),
    (0x1123e, 0x1123e, 0x400),
    (0x112df, 0x112df, 0x400),
    (0x112e3, 0x112e8, 0x400),
    (0x112e9, 0x112ea, 0x1000),
    (0x11300, 0x11301, 0x400),
    (0x1133c, 0x1133c, 0x1000),
    (0x11340, 0x11340, 0x400),
    (0x11366, 0x1136c, 0x1000),
    (0x11370, 0x11374, 0x1000),
    (0x11438, 0x1143f, 0x400),
    (0x11442, 0x11442, 0x1000),
    (0x11443, 0x11444, 0x400),
    (0x11446, 0x11446, 0x1000),
    (0x114b3, 0x114b8, 0x400),
    (0x114ba, 0x114ba, 0x400),
    (0x114bf, 0x114c0, 0x400),
    (0x114c2, 0x114c3, 0x1000),
    (0x115b2, 0x115b5, 0x400),
    (0x115bc, 0x115bd, 0x400),
    (0x115bf, 0x115c0, 0x1000),
    (0x115dc, 0x115dd, 0x400),
    (0x11633, 0x1163a, 0x400),
    (0x1163d, 0x1163d, 0x400),
    (0x1163f, 0x1163f, 0x1000),
    (0x11640, 0x11640, 0x400),
    (0x116ab, 0x116ab, 0x400),
    (0x116ad, 0x116ad, 0x400),
    (0x116b0, 0x116b5, 0x400),
    (0x116b7, 0x116b7, 0x1000),
    (0x1171d, 0x1171f, 0x400),
    (0x11722, 0x11725, 0x400),
    (0x11727, 0x1172a, 0x400),
    (0x1172b, 0x1172b, 0x1000),
    (0x1182f, 0x11838, 0x400),
    (0x11839, 0x1183a, 0x1000),
    (0x11a01, 0x11a0a, 0x400),
    (0x11a34, 0x11a34, 0x1000),
    (0x11a35, 0x11a3e, 0x400),
    (0x11a47, 0x11a47, 0x1000),
    (0x11a51, 0x11a5b, 0x400),
    (0x11a8a, 0x11a96, 0x400),
    (0x11a98, 0x11a98, 0x2000),
    (0x11a99, 0x11a99, 0x1000),
    (0x11c30, 0x11c36, 0x400),
    (0x11c38, 0x11c3d, 0x400),
    (0x11c3f, 0x11c3f, 0x1000),
    (0x11c92, 0x11ca7, 0x400),
    (0x11caa, 0x11cb0, 0x400),
    (0x11cb2, 0x11cb3, 0x400),
    (0x11cb5, 0x11cb6, 0x400),
    (0x11d31, 0x11d36, 0x400),
    (0x11d3a, 0x11d3a, 0x400),
    (0x11d3c, 0x11d3d, 0x400),
    (0x11d3f, 0x11d41, 0x400),
    (0x11d42, 0x11d42, 0x1000),
    (0x11d43, 0x11d43, 0x400),
    (0x11d44, 0x11d45, 0x1000),
    (0x11d47, 0x11d47, 0x400),
    (0x11d90, 0x11d91, 0x400),
    (0x11d95, 0x11d95, 0x400),
    (0x11d97, 0x11d97, 0x1000),
    (0x11ef3, 0x11ef4, 0x400),
    (0x16af0, 0x16af4, 0x1000),
    (0x16b30, 0x16b36, 0x400),
    (0x16f8f, 0x16f92, 0x1000),
    (0x1bc9e, 0x1bc9e, 0x400),
    (0x1d167, 0x1d169, 0x1000),
    (0x1d17b, 0x1d182, 0x1000),
    (0x1d185, 0x1d18b, 0x1000),
    (0x1d1aa, 0x1d1ad, 0x1000),
    (0x1e000, 0x1e006, 0x400),
    (0x1e008, 0x1e018, 0x400),
    (0x1e01b, 0x1e021, 0x400),
    (0x1e023, 0x1e024, 0x400),
    (0x1e026, 0x1e02a, 0x400),
    (0x1e8d0, 0x1e8d6, 0x1000),
    (0x1e944, 0x1e946, 0x3000),
    (0x1e947, 0x1e947, 0x400),
    (0x1e948, 0x1e94a, 0x1000),
    (0xe0100, 0xe01ef, 0x20000000),
];
pub(super) static PROPERTIES_14: &[(u32, u32, u64)] = &[
    (0x30, 0x39, 0x4200000300),
    (0xff10, 0xff19, 0x100),
    (0x1d7ce, 0x1d7ff, 0x80),
];
pub(super) static PROPERTIES_15: &[(u32, u32, u64)] = &[
    (0x2160, 0x216f, 0x8000),
    (0x2170, 0x217f, 0x4000),
    (0x3007, 0x3007, 0x800),
    (0x3021, 0x3029, 0x800),
    (0x3038, 0x303a, 0x800),
];
pub(super) static PROPERTIES_16: &[(u32, u32, u64)] = &[
    (0x1369, 0x1371, 0x8000000),
    (0x19da, 0x19da, 0x8000000),
    (0x2488, 0x249b, 0x8000000000000000),
    (0x1f100, 0x1f100, 0x8000000000000000),
    (0x1f101, 0x1f10a, 0x1000000000000000),
];
pub(super) static PROPERTIES_17: &[(u32, u32, u64)] = &[(0x2040, 0x2040, 0x80)];
pub(super) static PROPERTIES_18: &[(u32, u32, u64)] = &[
    (0x0, 0xff, 0x80000018),
    (0x100, 0x589, 0x8),
    (0x58a, 0x58a, 0x18),
    (0x58b, 0x1805, 0x8),
    (0x1806, 0x1806, 0x18),
    (0x1807, 0x1fff, 0x8),
    (0x2000, 0x200f, 0x80000008),
    (0x2010, 0x2011, 0x80000018),
    (0x2012, 0x2012, 0x80000008),
    (0x2013, 0x2014, 0x80000080000008),
    (0x2015, 0x20ff, 0x80000008),
    (0x2100, 0x2dff, 0x8),
    (0x2e00, 0x2e16, 0x80000008),
    (0x2e17, 0x2e17, 0x80000018),
    (0x2e18, 0x2e39, 0x80000008),
    (0x2e3a, 0x2e3b, 0x80000080000008),
    (0x2e3c, 0x2eff, 0x80000008),
    (0x2f00, 0x301b, 0x8),
    (0x301c, 0x301c, 0x80000008),
    (0x301d, 0x302f, 0x8),
    (0x3030, 0x3030, 0x8280000008),
    (0x3031, 0xfe30, 0x8),
    (0xfe31, 0xfe32, 0x80000000000008),
    (0xfe33, 0xfe62, 0x8),
    (0xfe63, 0xfe63, 0x98),
    (0xfe64, 0xff0c, 0x8),
    (0xff0d, 0xff0d, 0x18),
    (0xff0e, 0xffffffff, 0x8),
];
pub(super) static PROPERTIES_19: &[(u32, u32, u64)] = &[
    (0x0, 0xff, 0x80000000),
    (0x2046, 0x2046, 0x80000000),
    (0x207e, 0x207e, 0x80),
    (0x208e, 0x208e, 0x80),
    (0x2309, 0x2309, 0x80000080),
    (0x230b, 0x230b, 0x80000080),
    (0x232a, 0x232a, 0x80800000),
    (0x2700, 0x27c5, 0x80000000),
    (0x27c6, 0x27c6, 0x80000080),
    (0x27c7, 0x27e5, 0x80000000),
    (0x27e6, 0x27ef, 0x80000080),
    (0x27f0, 0x27ff, 0x80000000),
    (0x2900, 0x29ff, 0x80000080),
    (0x2e00, 0x2eff, 0x80000000),
    (0x3000, 0x300c, 0x80000000),
    (0x300d, 0x300d, 0x80000020),
    (0x300e, 0x300e, 0x80000000),
    (0x300f, 0x300f, 0x80000020),
    (0x3010, 0x301d, 0x80000000),
    (0x301e, 0x301f, 0x80000020),
    (0x3020, 0x30ff, 0x80000000),
    (0xfd3e, 0xfd3e, 0x80000000),
    (0xfe42, 0xfe42, 0x20),
    (0xfe44, 0xfe44, 0x20),
    (0xff63, 0xff63, 0x20),
];
pub(super) static PROPERTIES_20: &[(u32, u32, u64)] = &[
    (0x0, 0xff, 0x80000020),
    (0x2000, 0x20ff, 0x80000020),
    (0x2e00, 0x2eff, 0x80000000),
];
pub(super) static PROPERTIES_21: &[(u32, u32, u64)] = &[
    (0x0, 0xff, 0x80000020),
    (0x2000, 0x20ff, 0x80000020),
    (0x2e00, 0x2eff, 0x80000000),
];
pub(super) static PROPERTIES_22: &[(u32, u32, u64)] = &[
    (0x0, 0x20, 0x80000000),
    (0x21, 0x21, 0x2000000090000040),
    (0x22, 0x22, 0x80000020),
    (0x23, 0x23, 0x4280000000),
    (0x24, 0x26, 0x80000000),
    (0x27, 0x27, 0x80000020),
    (0x28, 0x29, 0x80000000),
    (0x2a, 0x2a, 0x4280000000),
    (0x2b, 0x2b, 0x80000000),
    (0x2c, 0x2c, 0x1000000080000040),
    (0x2d, 0x2d, 0x80000000),
    (0x2e, 0x2e, 0x8000000090000040),
    (0x2f, 0x39, 0x80000000),
    (0x3a, 0x3a, 0x800000080000040),
    (0x3b, 0x3b, 0x400000080000040),
    (0x3c, 0x3e, 0x80000000),
    (0x3f, 0x3f, 0x4000000090000040),
    (0x40, 0xa0, 0x80000000),
    (0xa1, 0xa1, 0x2050000080000000),
    (0xa2, 0xb6, 0x80000000),
    (0xb7, 0xb7, 0x8003000),
    (0xb8, 0xbe, 0x80000000),
    (0xbf, 0xbf, 0x4050000080000000),
    (0xc0, 0xff, 0x80000000),
    (0x37e, 0x37e, 0x4000000000000040),
    (0x387, 0x387, 0x400000008000040),
    (0x55b, 0x55c, 0x2020000000000000),
    (0x55d, 0x55d, 0x1000000000000000),
    (0x55e, 0x55e, 0x4020000000000000),
    (0x589, 0x589, 0x8040000010000040),
    (0x5c3, 0x5c3, 0x40),
    (0x60c, 0x60c, 0x1000000000000040),
    (0x61b, 0x61b, 0x400000000000040),
    (0x61e, 0x61e, 0x10000040),
    (0x61f, 0x61f, 0x4000000010000040),
    (0x6d4, 0x6d4, 0x8000000010000040),
    (0x700, 0x700, 0x100000010000040),
    (0x701, 0x701, 0x8000000010000040),
    (0x702, 0x702, 0x1000000010000040),
    (0x703, 0x703, 0x2000000000000040),
    (0x704, 0x704, 0x8000000000000040),
    (0x705, 0x705, 0x40),
    (0x706, 0x707, 0x800000000000040),
    (0x708, 0x708, 0x400000000000040),
    (0x709, 0x709, 0x4000000000000040),
    (0x70a, 0x70a, 0x40),
    (0x70c, 0x70c, 0x40),
    (0x7f8, 0x7f8, 0x1000000000000040),
    (0x7f9, 0x7f9, 0x2000000010000040),
    (0x830, 0x836, 0x40),
    (0x837, 0x837, 0x10000040),
    (0x838, 0x838, 0x40),
    (0x839, 0x839, 0x10000040),
    (0x83a, 0x83c, 0x40),
    (0x83d, 0x83e, 0x10000040),
    (0x85e, 0x85e, 0x40),
    (0x964, 0x964, 0x8040000010000040),
    (0x965, 0x965, 0x100000010000040),
    (0xdf4, 0xdf4, 0x8040000000000000),
    (0xe5a, 0xe5b, 0x40),
    (0xf08, 0xf08, 0x40),
    (0xf0d, 0xf0d, 0x8040000000000040),
    (0xf0e, 0xf0e, 0x100000000000040),
    (0xf0f, 0xf12, 0x40),
    (0xf14, 0xf14, 0x1000000000000000),
    (0x104a, 0x104b, 0x10000040),
    (0x10fb, 0x10fb, 0x100000000000000),
    (0x1361, 0x1361, 0x40),
    (0x1362, 0x1362, 0x8000000010000040),
    (0x1363, 0x1363, 0x1000000000000040),
    (0x1364, 0x1364, 0x400000000000040),
    (0x1365, 0x1366, 0x800000000000040),
    (0x1367, 0x1367, 0x4000000010000040),
    (0x1368, 0x1368, 0x100000010000040),
    (0x166d, 0x166d, 0x40),
    (0x166e, 0x166e, 0x8000000010000040),
    (0x16eb, 0x16ed, 0x40),
    (0x1735, 0x1736, 0x10000040),
    (0x17d4, 0x17d6, 0x40),
    (0x17da, 0x17da, 0x40),
    (0x1801, 0x1801, 0x200000000000000),
    (0x1802, 0x1802, 0x1000000000000040),
    (0x1803, 0x1803, 0x8000000010000040),
    (0x1804, 0x1804, 0x800000000000040),
    (0x1805, 0x1805, 0x40),
    (0x1808, 0x1808, 0x1000000000000040),
    (0x1809, 0x1809, 0x8000000010000040),
    (0x180a, 0x180a, 0x2000),
    (0x1944, 0x1944, 0x2000000010000040),
    (0x1945, 0x1945, 0x4000000010000040),
    (0x1aa8, 0x1aab, 0x10000040),
    (0x1b5a, 0x1b5b, 0x10000040),
    (0x1b5d, 0x1b5d, 0x40),
    (0x1b5e, 0x1b5f, 0x10000040),
    (0x1c3b, 0x1c3c, 0x10000040),
    (0x1c3d, 0x1c3f, 0x40),
    (0x1c7e, 0x1c7f, 0x10000040),
    (0x1cd3, 0x1cd3, 0x1000),
    (0x2016, 0x2016, 0x80000080),
    (0x2017, 0x2017, 0x80000000),
    (0x2020, 0x2025, 0x80000000),
    (0x2026, 0x2026, 0x200000080000000),
    (0x2027, 0x2027, 0x80000000),
    (0x2030, 0x2031, 0x80000000),
    (0x2032, 0x2034, 0x80000080),
    (0x2035, 0x2038, 0x80000000),
    (0x203b, 0x203b, 0x80000000),
    (0x203c, 0x203c, 0x2000008290000040),
    (0x203d, 0x203d, 0x90000040),
    (0x203e, 0x203e, 0x80000000),
    (0x2041, 0x2043, 0x80000000),
    (0x2047, 0x2047, 0x4000000090000040),
    (0x2048, 0x2048, 0x6000000090000040),
    (0x2049, 0x2049, 0x6000008290000040),
    (0x204a, 0x204e, 0x80000000),
    (0x204f, 0x204f, 0x400000080000000),
    (0x2050, 0x2051, 0x80000000),
    (0x2053, 0x2053, 0x80000008),
    (0x2055, 0x205e, 0x80000000),
    (0x2cf9, 0x2cf9, 0x8000000000000000),
    (0x2cfa, 0x2cfb, 0x4000000000000000),
    (0x2cfe, 0x2cfe, 0x8000000000000000),
    (0x2e00, 0x2e2d, 0x80000000),
    (0x2e2e, 0x2e2e, 0x90000040),
    (0x2e2f, 0x2e31, 0x80000000),
    (0x2e32, 0x2e32, 0x1000000080000000),
    (0x2e33, 0x2e33, 0x8000000080000000),
    (0x2e34, 0x2e34, 0x1000000080000000),
    (0x2e35, 0x2e35, 0x400000080000000),
    (0x2e36, 0x2e3b, 0x80000000),
    (0x2e3c, 0x2e3c, 0x8000000090000040),
    (0x2e3d, 0x2e40, 0x80000000),
    (0x2e41, 0x2e41, 0x1000000080000040),
    (0x2e42, 0x2e4b, 0x80000000),
    (0x2e4c, 0x2e4c, 0x80000040),
    (0x2e4d, 0x2e4d, 0x80000000),
    (0x2e4e, 0x2e4e, 0x80000040),
    (0x2e4f, 0x2eff, 0x80000000),
    (0x3001, 0x3001, 0x1040000080000040),
    (0x3002, 0x3002, 0x8040000090000040),
    (0x3003, 0x3003, 0x80000000),
    (0x303d, 0x303d, 0x8200000000),
    (0x30fb, 0x30fb, 0x10),
    (0xa4fe, 0xa4fe, 0x1000000000000040),
    (0xa4ff, 0xa4ff, 0x8000000010000040),
    (0xa60d, 0xa60d, 0x1000000000000040),
    (0xa60e, 0xa60e, 0x8000000010000040),
    (0xa60f, 0xa60f, 0x4000000010000040),
    (0xa6f3, 0xa6f3, 0x8000000010000040),
    (0xa6f4, 0xa6f4, 0x800000000000040),
    (0xa6f5, 0xa6f5, 0x1000000000000040),
    (0xa6f6, 0xa6f6, 0x400000000000040),
    (0xa6f7, 0xa6f7, 0x4000000010000040),
    (0xa876, 0xa877, 0x10000040),
    (0xa8ce, 0xa8cf, 0x10000040),
    (0xa92e, 0xa92e, 0x1000),
    (0xa92f, 0xa92f, 0x10000040),
    (0xa9c7, 0xa9c7, 0x40),
    (0xa9c8, 0xa9c9, 0x10000040),
    (0xaa5d, 0xaa5f, 0x10000040),
    (0xaadf, 0xaadf, 0x40),
    (0xaaf0, 0xaaf1, 0x10000040),
    (0xabeb, 0xabeb, 0x10000040),
    (0xfe10, 0xfe11, 0x1000000000000000),
    (0xfe12, 0xfe12, 0x8000000000000000),
    (0xfe13, 0xfe13, 0x800000000000000),
    (0xfe14, 0xfe14, 0x400000000000000),
    (0xfe15, 0xfe15, 0x2000000000000000),
    (0xfe16, 0xfe16, 0x4000000000000000),
    (0xfe19, 0xfe19, 0x200000000000000),
    (0xfe45, 0xfe46, 0x80000000),
    (0xfe50, 0xfe51, 0x1000000000000040),
    (0xfe52, 0xfe52, 0x8000000010000040),
    (0xfe54, 0xfe54, 0x400000000000040),
    (0xfe55, 0xfe55, 0x800000000000040),
    (0xfe56, 0xfe56, 0x4000000010000040),
    (0xfe57, 0xfe57, 0x2000000010000040),
    (0xfe61, 0xfe61, 0x80),
    (0xfe68, 0xfe68, 0x80),
    (0xff01, 0xff01, 0x2040000010000040),
    (0xff02, 0xff02, 0x20),
    (0xff07, 0xff07, 0x20),
    (0xff0c, 0xff0c, 0x1040000000000040),
    (0xff0e, 0xff0e, 0x8040000010000040),
    (0xff1a, 0xff1a, 0x840000000000040),
    (0xff1b, 0xff1b, 0x440000000000040),
    (0xff1f, 0xff1f, 0x4040000010000040),
    (0xff3c, 0xff3c, 0x80),
    (0xff61, 0xff61, 0x8000000010000040),
    (0xff64, 0xff64, 0x1000000000000040),
    (0xff65, 0xff65, 0x10),
    (0x1039f, 0x1039f, 0x40),
    (0x103d0, 0x103d0, 0x40),
    (0x10857, 0x10857, 0x40),
    (0x1091f, 0x1091f, 0x40),
    (0x10a56, 0x10a57, 0x10000040),
    (0x10af0, 0x10af5, 0x40),
    (0x10b3a, 0x10b3f, 0x40),
    (0x10b99, 0x10b9c, 0x40),
    (0x10f55, 0x10f59, 0x10000040),
    (0x11047, 0x11048, 0x10000040),
    (0x11049, 0x1104d, 0x40),
    (0x110be, 0x110c1, 0x10000040),
    (0x11141, 0x11142, 0x10000040),
    (0x11143, 0x11143, 0x4000000010000040),
    (0x111c5, 0x111c6, 0x10000040),
    (0x111cd, 0x111cd, 0x10000040),
    (0x111de, 0x111df, 0x10000040),
    (0x11238, 0x11239, 0x10000040),
    (0x1123a, 0x1123a, 0x40),
    (0x1123b, 0x1123c, 0x10000040),
    (0x112a9, 0x112a9, 0x10000040),
    (0x1144b, 0x1144c, 0x10000040),
    (0x1144d, 0x1144d, 0x1000000000000040),
    (0x1145b, 0x1145b, 0x40),
    (0x115c2, 0x115c3, 0x10000040),
    (0x115c4, 0x115c5, 0x40),
    (0x115c6, 0x115c8, 0x2000),
    (0x115c9, 0x115d7, 0x10000040),
    (0x11641, 0x11642, 0x10000040),
    (0x1173c, 0x1173e, 0x10000040),
    (0x11a42, 0x11a43, 0x10000040),
    (0x11a9b, 0x11a9c, 0x10000040),
    (0x11aa1, 0x11aa2, 0x40),
    (0x11c41, 0x11c42, 0x10000040),
    (0x11c43, 0x11c43, 0x40),
    (0x11c71, 0x11c71, 0x40),
    (0x11ef7, 0x11ef8, 0x10000040),
    (0x12470, 0x12470, 0x40),
    (0x12471, 0x12472, 0x800000000000040),
    (0x12473, 0x12474, 0x40),
    (0x16a6e, 0x16a6f, 0x10000040),
    (0x16af5, 0x16af5, 0x8000000010000040),
    (0x16b37, 0x16b38, 0x10000040),
    (0x16b39, 0x16b39, 0x40),
    (0x16b44, 0x16b44, 0x10000040),
    (0x16e97, 0x16e97, 0x40),
    (0x16e98, 0x16e98, 0x10000040),
    (0x1bc9f, 0x1bc9f, 0x8000000010000040),
    (0x1da87, 0x1da87, 0x1000000000000040),
    (0x1da88, 0x1da88, 0x8000000010000040),
    (0x1da89, 0x1da89, 0x400000000000040),
    (0x1da8a, 0x1da8a, 0x800000000000040),
    (0x1e95e, 0x1e95e, 0x2000000000000000),
    (0x1e95f, 0x1e95f, 0x4000000000000000),
];
pub(super) static PROPERTIES_23: &[(u32, u32, u64)] = &[
    (0x0, 0xff, 0x80000000),
    (0x201a, 0x201a, 0x80000020),
    (0x201e, 0x201e, 0x80000020),
    (0x2045, 0x2045, 0x80000000),
    (0x207d, 0x207d, 0x80),
    (0x208d, 0x208d, 0x80),
    (0x2308, 0x2308, 0x80000080),
    (0x230a, 0x230a, 0x80000080),
    (0x2329, 0x2329, 0x80800000),
    (0x2700, 0x27c4, 0x80000000),
    (0x27c5, 0x27c5, 0x80000080),
    (0x27c6, 0x27e5, 0x80000000),
    (0x27e6, 0x27ef, 0x80000080),
    (0x27f0, 0x27ff, 0x80000000),
    (0x2900, 0x29ff, 0x80000080),
    (0x2e00, 0x2e41, 0x80000000),
    (0x2e42, 0x2e42, 0x80000020),
    (0x2e43, 0x2eff, 0x80000000),
    (0x3000, 0x300b, 0x80000000),
    (0x300c, 0x300c, 0x80000020),
    (0x300d, 0x300d, 0x80000000),
    (0x300e, 0x300e, 0x80000020),
    (0x300f, 0x301c, 0x80000000),
    (0x301d, 0x301d, 0x80000020),
    (0x301e, 0x30ff, 0x80000000),
    (0xfd3f, 0xfd3f, 0x80000000),
    (0xfe41, 0xfe41, 0x20),
    (0xfe43, 0xfe43, 0x20),
    (0xff62, 0xff62, 0x20),
];
pub(super) static PROPERTIES_24: &[(u32, u32, u64)] = &[(0x0, 0xff, 0x80000000)];
pub(super) static PROPERTIES_25: &[(u32, u32, u64)] = &[
    (0x5e, 0x5e, 0x80001080),
    (0x60, 0x60, 0x80001000),
    (0xa8, 0xa8, 0x1000),
    (0xaf, 0xaf, 0x1000),
    (0xb4, 0xb4, 0x1000),
    (0xb8, 0xb8, 0x1000),
    (0x2c2, 0x2c5, 0x1000),
    (0x2d2, 0x2df, 0x1000),
    (0x2e5, 0x2eb, 0x1000),
    (0x2ed, 0x2ed, 0x1000),
    (0x2ef, 0x2ff, 0x1000),
    (0x375, 0x375, 0x1000),
    (0x384, 0x385, 0x1000),
    (0x1fbd, 0x1fbd, 0x1000),
    (0x1fbf, 0x1fc1, 0x1000),
    (0x1fcd, 0x1fcf, 0x1000),
    (0x1fdd, 0x1fdf, 0x1000),
    (0x1fed, 0x1fef, 0x1000),
    (0x1ffd, 0x1ffe, 0x1000),
    (0x309b, 0x309c, 0x4001000),
    (0xa720, 0xa721, 0x1000),
    (0xab5b, 0xab5b, 0x1000),
    (0xff3e, 0xff3e, 0x1080),
    (0xff40, 0xff40, 0x1000),
    (0xffe3, 0xffe3, 0x1000),
    (0x1f300, 0x1f3ff, 0x4e00000000),
];
pub(super) static PROPERTIES_26: &[(u32, u32, u64)] = &[
    (0x0, 0xff, 0x80000000),
    (0x2044, 0x2044, 0x80000000),
    (0x2052, 0x2052, 0x80000000),
    (0x207b, 0x207b, 0x8),
    (0x208b, 0x208b, 0x8),
    (0x2118, 0x2118, 0x4000000),
    (0x2190, 0x2193, 0x80000000),
    (0x2194, 0x2194, 0x8280000000),
    (0x2195, 0x2211, 0x80000000),
    (0x2212, 0x2212, 0x80000008),
    (0x2213, 0x22ed, 0x80000000),
    (0x22ee, 0x22f1, 0x200000080000000),
    (0x22f2, 0x23ff, 0x80000000),
    (0x2500, 0x25fa, 0x80000000),
    (0x25fb, 0x25fc, 0x8280000000),
    (0x25fd, 0x25fe, 0x8680000000),
    (0x25ff, 0x266e, 0x80000000),
    (0x266f, 0x266f, 0x8080000000),
    (0x2670, 0x27ff, 0x80000000),
    (0x2900, 0x2933, 0x80000000),
    (0x2934, 0x2935, 0x8280000000),
    (0x2936, 0x2981, 0x80000000),
    (0x2982, 0x2982, 0x800000080000000),
    (0x2983, 0x2bff, 0x80000000),
];
pub(super) static PROPERTIES_27: &[(u32, u32, u64)] = &[
    (0x0, 0xa8, 0x80000000),
    (0xa9, 0xa9, 0x8280000000),
    (0xaa, 0xad, 0x80000000),
    (0xae, 0xae, 0x8280000000),
    (0xaf, 0xff, 0x80000000),
    (0x2122, 0x2122, 0x8200000000),
    (0x2129, 0x2129, 0x80),
    (0x212e, 0x212e, 0x4000000),
    (0x2195, 0x2199, 0x8280000080),
    (0x219c, 0x21a7, 0x80000080),
    (0x21a8, 0x21a8, 0x80000000),
    (0x21a9, 0x21aa, 0x8280000080),
    (0x21ab, 0x21ad, 0x80000080),
    (0x21af, 0x21af, 0x80000000),
    (0x21b0, 0x21b1, 0x80000080),
    (0x21b2, 0x21b5, 0x80000000),
    (0x21b6, 0x21b7, 0x80000080),
    (0x21b8, 0x21bb, 0x80000000),
    (0x21bc, 0x21cd, 0x80000080),
    (0x21d0, 0x21d1, 0x80000080),
    (0x21d3, 0x21d3, 0x80000080),
    (0x21d5, 0x21db, 0x80000080),
    (0x21dc, 0x21dc, 0x80000000),
    (0x21dd, 0x21dd, 0x80000080),
    (0x21de, 0x21e3, 0x80000000),
    (0x21e4, 0x21e5, 0x80000080),
    (0x21e6, 0x21f3, 0x80000000),
    (0x2300, 0x2307, 0x80000000),
    (0x230c, 0x2319, 0x80000000),
    (0x231a, 0x231b, 0x8680000000),
    (0x231c, 0x231f, 0x80000000),
    (0x2322, 0x2327, 0x80000000),
    (0x2328, 0x2328, 0x8280000000),
    (0x232b, 0x237b, 0x80000000),
    (0x237d, 0x2387, 0x80000000),
    (0x2388, 0x2388, 0x8080000000),
    (0x2389, 0x239a, 0x80000000),
    (0x23b4, 0x23b5, 0x80000080),
    (0x23b6, 0x23b6, 0x80000000),
    (0x23b7, 0x23b7, 0x80000080),
    (0x23b8, 0x23ce, 0x80000000),
    (0x23cf, 0x23cf, 0x8280000000),
    (0x23d0, 0x23d0, 0x80000080),
    (0x23d1, 0x23db, 0x80000000),
    (0x23e2, 0x23e2, 0x80000080),
    (0x23e3, 0x23e8, 0x80000000),
    (0x23e9, 0x23ec, 0x8680000000),
    (0x23ed, 0x23ef, 0x8280000000),
    (0x23f0, 0x23f0, 0x8680000000),
    (0x23f1, 0x23f2, 0x8280000000),
    (0x23f3, 0x23f3, 0x8680000000),
    (0x23f4, 0x23f7, 0x80000000),
    (0x23f8, 0x23fa, 0x8280000000),
    (0x23fb, 0x244a, 0x80000000),
    (0x24b6, 0x24c1, 0x8400),
    (0x24c2, 0x24c2, 0x8200008400),
    (0x24c3, 0x24cf, 0x8400),
    (0x24d0, 0x24e9, 0x4400),
    (0x2500, 0x259f, 0x80000000),
    (0x25a0, 0x25a1, 0x80000080),
    (0x25a2, 0x25a9, 0x80000000),
    (0x25aa, 0x25ab, 0x8280000000),
    (0x25ac, 0x25ad, 0x80000000),
    (0x25ae, 0x25b5, 0x80000080),
    (0x25b6, 0x25b6, 0x8280000080),
    (0x25b7, 0x25bb, 0x80000000),
    (0x25bc, 0x25bf, 0x80000080),
    (0x25c0, 0x25c0, 0x8280000080),
    (0x25c1, 0x25c5, 0x80000000),
    (0x25c6, 0x25c7, 0x80000080),
    (0x25c8, 0x25c9, 0x80000000),
    (0x25ca, 0x25cb, 0x80000080),
    (0x25cc, 0x25ce, 0x80000000),
    (0x25cf, 0x25d3, 0x80000080),
    (0x25d4, 0x25e1, 0x80000000),
    (0x25e2, 0x25e2, 0x80000080),
    (0x25e3, 0x25e3, 0x80000000),
    (0x25e4, 0x25e4, 0x80000080),
    (0x25e5, 0x25e6, 0x80000000),
    (0x25e7, 0x25ec, 0x80000080),
    (0x25ed, 0x25ff, 0x80000000),
    (0x2600, 0x2604, 0x8280000000),
    (0x2605, 0x2605, 0x8080000080),
    (0x2606, 0x2606, 0x80000080),
    (0x2607, 0x260d, 0x8080000000),
    (0x260e, 0x260e, 0x8280000000),
    (0x260f, 0x2610, 0x8080000000),
    (0x2611, 0x2611, 0x8280000000),
    (0x2612, 0x2612, 0x8080000000),
    (0x2613, 0x2613, 0x80000000),
    (0x2614, 0x2615, 0x8680000000),
    (0x2616, 0x2617, 0x8080000000),
    (0x2618, 0x2618, 0x8280000000),
    (0x2619, 0x261c, 0x8080000000),
    (0x261d, 0x261d, 0x9280000000),
    (0x261e, 0x261f, 0x8080000000),
    (0x2620, 0x2620, 0x8280000000),
    (0x2621, 0x2621, 0x8080000000),
    (0x2622, 0x2623, 0x8280000000),
    (0x2624, 0x2625, 0x8080000000),
    (0x2626, 0x2626, 0x8280000000),
    (0x2627, 0x2629, 0x8080000000),
    (0x262a, 0x262a, 0x8280000000),
    (0x262b, 0x262d, 0x8080000000),
    (0x262e, 0x262f, 0x8280000000),
    (0x2630, 0x2637, 0x8080000000),
    (0x2638, 0x263a, 0x8280000000),
    (0x263b, 0x263f, 0x8080000000),
    (0x2640, 0x2640, 0x8280000080),
    (0x2641, 0x2641, 0x8080000000),
    (0x2642, 0x2642, 0x8280000080),
    (0x2643, 0x2647, 0x8080000000),
    (0x2648, 0x2653, 0x8680000000),
    (0x2654, 0x265e, 0x8080000000),
    (0x265f, 0x265f, 0x8280000000),
    (0x2660, 0x2660, 0x8280000080),
    (0x2661, 0x2662, 0x8080000080),
    (0x2663, 0x2663, 0x8280000080),
    (0x2664, 0x2664, 0x8080000000),
    (0x2665, 0x2666, 0x8280000000),
    (0x2667, 0x2667, 0x8080000000),
    (0x2668, 0x2668, 0x8280000000),
    (0x2669, 0x266c, 0x8080000000),
    (0x266d, 0x266e, 0x8080000080),
    (0x266f, 0x267a, 0x8080000000),
    (0x267b, 0x267b, 0x8280000000),
    (0x267c, 0x267d, 0x8080000000),
    (0x267e, 0x267e, 0x8280000000),
    (0x267f, 0x267f, 0x8680000000),
    (0x2680, 0x2685, 0x8080000000),
    (0x2686, 0x268f, 0x80000000),
    (0x2690, 0x2691, 0x8080000000),
    (0x2692, 0x2692, 0x8280000000),
    (0x2693, 0x2693, 0x8680000000),
    (0x2694, 0x2697, 0x8280000000),
    (0x2698, 0x2698, 0x8080000000),
    (0x2699, 0x2699, 0x8280000000),
    (0x269a, 0x269a, 0x8080000000),
    (0x269b, 0x269c, 0x8280000000),
    (0x269d, 0x269f, 0x8080000000),
    (0x26a0, 0x26a0, 0x8280000000),
    (0x26a1, 0x26a1, 0x8680000000),
    (0x26a2, 0x26a9, 0x8080000000),
    (0x26aa, 0x26ab, 0x8680000000),
    (0x26ac, 0x26af, 0x8080000000),
    (0x26b0, 0x26b1, 0x8280000000),
    (0x26b2, 0x26bc, 0x8080000000),
    (0x26bd, 0x26be, 0x8680000000),
    (0x26bf, 0x26c3, 0x8080000000),
    (0x26c4, 0x26c5, 0x8680000000),
    (0x26c6, 0x26c7, 0x8080000000),
    (0x26c8, 0x26c8, 0x8280000000),
    (0x26c9, 0x26cd, 0x8080000000),
    (0x26ce, 0x26ce, 0x8680000000),
    (0x26cf, 0x26cf, 0x8280000000),
    (0x26d0, 0x26d0, 0x8080000000),
    (0x26d1, 0x26d1, 0x8280000000),
    (0x26d2, 0x26d2, 0x8080000000),
    (0x26d3, 0x26d3, 0x8280000000),
    (0x26d4, 0x26d4, 0x8680000000),
    (0x26d5, 0x26e8, 0x8080000000),
    (0x26e9, 0x26e9, 0x8280000000),
    (0x26ea, 0x26ea, 0x8680000000),
    (0x26eb, 0x26ef, 0x8080000000),
    (0x26f0, 0x26f1, 0x8280000000),
    (0x26f2, 0x26f3, 0x8680000000),
    (0x26f4, 0x26f4, 0x8280000000),
    (0x26f5, 0x26f5, 0x8680000000),
    (0x26f6, 0x26f6, 0x8080000000),
    (0x26f7, 0x26f8, 0x8280000000),
    (0x26f9, 0x26f9, 0x9280000000),
    (0x26fa, 0x26fa, 0x8680000000),
    (0x26fb, 0x26fc, 0x8080000000),
    (0x26fd, 0x26fd, 0x8680000000),
    (0x26fe, 0x2701, 0x8080000000),
    (0x2702, 0x2702, 0x8280000000),
    (0x2703, 0x2704, 0x8080000000),
    (0x2705, 0x2705, 0x8680000000),
    (0x2706, 0x2707, 0x80000000),
    (0x2708, 0x2709, 0x8280000000),
    (0x270a, 0x270b, 0x9680000000),
    (0x270c, 0x270d, 0x9280000000),
    (0x270e, 0x270e, 0x8080000000),
    (0x270f, 0x270f, 0x8280000000),
    (0x2710, 0x2711, 0x8080000000),
    (0x2712, 0x2712, 0x8280000000),
    (0x2713, 0x2713, 0x80000000),
    (0x2714, 0x2714, 0x8280000000),
    (0x2715, 0x2715, 0x80000000),
    (0x2716, 0x2716, 0x8280000000),
    (0x2717, 0x271c, 0x80000000),
    (0x271d, 0x271d, 0x8280000000),
    (0x271e, 0x2720, 0x80000000),
    (0x2721, 0x2721, 0x8280000000),
    (0x2722, 0x2727, 0x80000000),
    (0x2728, 0x2728, 0x8680000000),
    (0x2729, 0x2732, 0x80000000),
    (0x2733, 0x2734, 0x8280000000),
    (0x2735, 0x2743, 0x80000000),
    (0x2744, 0x2744, 0x8280000000),
    (0x2745, 0x2746, 0x80000000),
    (0x2747, 0x2747, 0x8280000000),
    (0x2748, 0x274b, 0x80000000),
    (0x274c, 0x274c, 0x8680000000),
    (0x274d, 0x274d, 0x80000000),
    (0x274e, 0x274e, 0x8680000000),
    (0x274f, 0x2752, 0x80000000),
    (0x2753, 0x2754, 0x4000008680000000),
    (0x2755, 0x2755, 0x2000008680000000),
    (0x2756, 0x2756, 0x80000000),
    (0x2757, 0x2757, 0x2000008680000000),
    (0x2758, 0x2761, 0x80000000),
    (0x2762, 0x2762, 0x2000000080000000),
    (0x2763, 0x2763, 0x2000008280000000),
    (0x2764, 0x2764, 0x8280000000),
    (0x2765, 0x276f, 0x8080000000),
    (0x2770, 0x2794, 0x80000000),
    (0x2795, 0x2797, 0x8680000000),
    (0x2798, 0x27a0, 0x80000000),
    (0x27a1, 0x27a1, 0x8280000000),
    (0x27a2, 0x27af, 0x80000000),
    (0x27b0, 0x27b0, 0x8680000000),
    (0x27b1, 0x27be, 0x80000000),
    (0x27bf, 0x27bf, 0x8680000000),
    (0x27c0, 0x28ff, 0x80000000),
    (0x2b00, 0x2b04, 0x80000000),
    (0x2b05, 0x2b07, 0x8280000000),
    (0x2b08, 0x2b1a, 0x80000000),
    (0x2b1b, 0x2b1c, 0x8680000000),
    (0x2b1d, 0x2b4f, 0x80000000),
    (0x2b50, 0x2b50, 0x8680000000),
    (0x2b51, 0x2b54, 0x80000000),
    (0x2b55, 0x2b55, 0x8680000000),
    (0x2b56, 0x2bff, 0x80000000),
    (0x2e80, 0x2e99, 0x100000),
    (0x2e9b, 0x2ef3, 0x100000),
    (0x2f00, 0x2fd5, 0x100000),
    (0x2ff0, 0x2ff1, 0x40000),
    (0x2ff2, 0x2ff3, 0x80000),
    (0x2ff4, 0x2ffb, 0x40000),
    (0x3012, 0x3013, 0x80000000),
    (0x3020, 0x3020, 0x80000000),
    (0x3297, 0x3297, 0x8200000000),
    (0x3299, 0x3299, 0x8200000000),
    (0x1f000, 0x1f003, 0x8000000000),
    (0x1f004, 0x1f004, 0x8600000000),
    (0x1f005, 0x1f0ce, 0x8000000000),
    (0x1f0cf, 0x1f0cf, 0x8600000000),
    (0x1f0d0, 0x1f0ff, 0x8000000000),
    (0x1f12f, 0x1f12f, 0x8000000000),
    (0x1f130, 0x1f149, 0x8400),
    (0x1f150, 0x1f169, 0x8400),
    (0x1f170, 0x1f171, 0x8200008400),
    (0x1f172, 0x1f17d, 0x8400),
    (0x1f17e, 0x1f17f, 0x8200008400),
    (0x1f180, 0x1f189, 0x8400),
    (0x1f18e, 0x1f18e, 0x8600000000),
    (0x1f191, 0x1f19a, 0x8600000000),
    (0x1f1e6, 0x1f1ff, 0x6600000000),
    (0x1f201, 0x1f201, 0x8600000000),
    (0x1f202, 0x1f202, 0x8200000000),
    (0x1f21a, 0x1f21a, 0x8600000000),
    (0x1f22f, 0x1f22f, 0x8600000000),
    (0x1f232, 0x1f236, 0x8600000000),
    (0x1f237, 0x1f237, 0x8200000000),
    (0x1f238, 0x1f23a, 0x8600000000),
    (0x1f250, 0x1f251, 0x8600000000),
    (0x1f260, 0x1f2ff, 0x8000000000),
    (0x1f300, 0x1f320, 0x8600000000),
    (0x1f321, 0x1f321, 0x8200000000),
    (0x1f322, 0x1f323, 0x8000000000),
    (0x1f324, 0x1f32c, 0x8200000000),
    (0x1f32d, 0x1f335, 0x8600000000),
    (0x1f336, 0x1f336, 0x8200000000),
    (0x1f337, 0x1f37c, 0x8600000000),
    (0x1f37d, 0x1f37d, 0x8200000000),
    (0x1f37e, 0x1f384, 0x8600000000),
    (0x1f385, 0x1f385, 0x9600000000),
    (0x1f386, 0x1f393, 0x8600000000),
    (0x1f394, 0x1f395, 0x8000000000),
    (0x1f396, 0x1f397, 0x8200000000),
    (0x1f398, 0x1f398, 0x8000000000),
    (0x1f399, 0x1f39b, 0x8200000000),
    (0x1f39c, 0x1f39d, 0x8000000000),
    (0x1f39e, 0x1f39f, 0x8200000000),
    (0x1f3a0, 0x1f3c1, 0x8600000000),
    (0x1f3c2, 0x1f3c4, 0x9600000000),
    (0x1f3c5, 0x1f3c6, 0x8600000000),
    (0x1f3c7, 0x1f3c7, 0x9600000000),
    (0x1f3c8, 0x1f3c9, 0x8600000000),
    (0x1f3ca, 0x1f3ca, 0x9600000000),
    (0x1f3cb, 0x1f3cc, 0x9200000000),
    (0x1f3cd, 0x1f3ce, 0x8200000000),
    (0x1f3cf, 0x1f3d3, 0x8600000000),
    (0x1f3d4, 0x1f3df, 0x8200000000),
    (0x1f3e0, 0x1f3f0, 0x8600000000),
    (0x1f3f1, 0x1f3f2, 0x8000000000),
    (0x1f3f3, 0x1f3f3, 0x8200000000),
    (0x1f3f4, 0x1f3f4, 0x8600000000),
    (0x1f3f5, 0x1f3f5, 0x8200000000),
    (0x1f3f6, 0x1f3f6, 0x8000000000),
    (0x1f3f7, 0x1f3f7, 0x8200000000),
    (0x1f3f8, 0x1f3fa, 0x8600000000),
    (0x1f3fb, 0x1f3ff, 0x8000000000),
    (0x1f400, 0x1f43e, 0x8600000000),
    (0x1f43f, 0x1f43f, 0x8200000000),
    (0x1f440, 0x1f440, 0x8600000000),
    (0x1f441, 0x1f441, 0x8200000000),
    (0x1f442, 0x1f443, 0x9600000000),
    (0x1f444, 0x1f445, 0x8600000000),
    (0x1f446, 0x1f450, 0x9600000000),
    (0x1f451, 0x1f465, 0x8600000000),
    (0x1f466, 0x1f469, 0x9600000000),
    (0x1f46a, 0x1f46d, 0x8600000000),
    (0x1f46e, 0x1f46e, 0x9600000000),
    (0x1f46f, 0x1f46f, 0x8600000000),
    (0x1f470, 0x1f478, 0x9600000000),
    (0x1f479, 0x1f47b, 0x8600000000),
    (0x1f47c, 0x1f47c, 0x9600000000),
    (0x1f47d, 0x1f480, 0x8600000000),
    (0x1f481, 0x1f483, 0x9600000000),
    (0x1f484, 0x1f484, 0x8600000000),
    (0x1f485, 0x1f487, 0x9600000000),
    (0x1f488, 0x1f4a9, 0x8600000000),
    (0x1f4aa, 0x1f4aa, 0x9600000000),
    (0x1f4ab, 0x1f4fc, 0x8600000000),
    (0x1f4fd, 0x1f4fd, 0x8200000000),
    (0x1f4fe, 0x1f4fe, 0x8000000000),
    (0x1f4ff, 0x1f53d, 0x8600000000),
    (0x1f546, 0x1f548, 0x8000000000),
    (0x1f549, 0x1f54a, 0x8200000000),
    (0x1f54b, 0x1f54e, 0x8600000000),
    (0x1f54f, 0x1f54f, 0x8000000000),
    (0x1f550, 0x1f567, 0x8600000000),
    (0x1f568, 0x1f56e, 0x8000000000),
    (0x1f56f, 0x1f570, 0x8200000000),
    (0x1f571, 0x1f572, 0x8000000000),
    (0x1f573, 0x1f573, 0x8200000000),
    (0x1f574, 0x1f575, 0x9200000000),
    (0x1f576, 0x1f579, 0x8200000000),
    (0x1f57a, 0x1f57a, 0x9600000000),
    (0x1f57b, 0x1f586, 0x8000000000),
    (0x1f587, 0x1f587, 0x8200000000),
    (0x1f588, 0x1f589, 0x8000000000),
    (0x1f58a, 0x1f58d, 0x8200000000),
    (0x1f58e, 0x1f58f, 0x8000000000),
    (0x1f590, 0x1f590, 0x9200000000),
    (0x1f591, 0x1f594, 0x8000000000),
    (0x1f595, 0x1f596, 0x9600000000),
    (0x1f597, 0x1f5a3, 0x8000000000),
    (0x1f5a4, 0x1f5a4, 0x8600000000),
    (0x1f5a5, 0x1f5a5, 0x8200000000),
    (0x1f5a6, 0x1f5a7, 0x8000000000),
    (0x1f5a8, 0x1f5a8, 0x8200000000),
    (0x1f5a9, 0x1f5b0, 0x8000000000),
    (0x1f5b1, 0x1f5b2, 0x8200000000),
    (0x1f5b3, 0x1f5bb, 0x8000000000),
    (0x1f5bc, 0x1f5bc, 0x8200000000),
    (0x1f5bd, 0x1f5c1, 0x8000000000),
    (0x1f5c2, 0x1f5c4, 0x8200000000),
    (0x1f5c5, 0x1f5d0, 0x8000000000),
    (0x1f5d1, 0x1f5d3, 0x8200000000),
    (0x1f5d4, 0x1f5db, 0x8000000000),
    (0x1f5dc, 0x1f5de, 0x8200000000),
    (0x1f5df, 0x1f5e0, 0x8000000000),
    (0x1f5e1, 0x1f5e1, 0x8200000000),
    (0x1f5e2, 0x1f5e2, 0x8000000000),
    (0x1f5e3, 0x1f5e3, 0x8200000000),
    (0x1f5e4, 0x1f5e7, 0x8000000000),
    (0x1f5e8, 0x1f5e8, 0x8200000000),
    (0x1f5e9, 0x1f5ee, 0x8000000000),
    (0x1f5ef, 0x1f5ef, 0x8200000000),
    (0x1f5f0, 0x1f5f2, 0x8000000000),
    (0x1f5f3, 0x1f5f3, 0x8200000000),
    (0x1f5f4, 0x1f5f9, 0x8000000000),
    (0x1f5fa, 0x1f5fa, 0x8200000000),
    (0x1f5fb, 0x1f644, 0x8600000000),
    (0x1f645, 0x1f647, 0x9600000000),
    (0x1f648, 0x1f64a, 0x8600000000),
    (0x1f64b, 0x1f64f, 0x9600000000),
    (0x1f680, 0x1f6a2, 0x8600000000),
    (0x1f6a3, 0x1f6a3, 0x9600000000),
    (0x1f6a4, 0x1f6b3, 0x8600000000),
    (0x1f6b4, 0x1f6b6, 0x9600000000),
    (0x1f6b7, 0x1f6bf, 0x8600000000),
    (0x1f6c0, 0x1f6c0, 0x9600000000),
    (0x1f6c1, 0x1f6c5, 0x8600000000),
    (0x1f6c6, 0x1f6ca, 0x8000000000),
    (0x1f6cb, 0x1f6cb, 0x8200000000),
    (0x1f6cc, 0x1f6cc, 0x9600000000),
    (0x1f6cd, 0x1f6cf, 0x8200000000),
    (0x1f6d0, 0x1f6d2, 0x8600000000),
    (0x1f6d3, 0x1f6df, 0x8000000000),
    (0x1f6e0, 0x1f6e5, 0x8200000000),
    (0x1f6e6, 0x1f6e8, 0x8000000000),
    (0x1f6e9, 0x1f6e9, 0x8200000000),
    (0x1f6ea, 0x1f6ea, 0x8000000000),
    (0x1f6eb, 0x1f6ec, 0x8600000000),
    (0x1f6ed, 0x1f6ef, 0x8000000000),
    (0x1f6f0, 0x1f6f0, 0x8200000000),
    (0x1f6f1, 0x1f6f2, 0x8000000000),
    (0x1f6f3, 0x1f6f3, 0x8200000000),
    (0x1f6f4, 0x1f6f9, 0x8600000000),
    (0x1f6fa, 0x1f6ff, 0x8000000000),
    (0x1f7d5, 0x1f7d8, 0x8000000000),
    (0x1f90c, 0x1f917, 0x8600000000),
    (0x1f918, 0x1f91c, 0x9600000000),
    (0x1f91d, 0x1f91d, 0x8600000000),
    (0x1f91e, 0x1f91f, 0x9600000000),
    (0x1f920, 0x1f925, 0x8600000000),
    (0x1f926, 0x1f926, 0x9600000000),
    (0x1f927, 0x1f92f, 0x8600000000),
    (0x1f930, 0x1f939, 0x9600000000),
    (0x1f93a, 0x1f93a, 0x8600000000),
    (0x1f93c, 0x1f93c, 0x8600000000),
    (0x1f93d, 0x1f93e, 0x9600000000),
    (0x1f93f, 0x1f945, 0x8600000000),
    (0x1f947, 0x1f9af, 0x8600000000),
    (0x1f9b0, 0x1f9b3, 0xc600000000),
    (0x1f9b4, 0x1f9b4, 0x8600000000),
    (0x1f9b5, 0x1f9b6, 0x9600000000),
    (0x1f9b7, 0x1f9b7, 0x8600000000),
    (0x1f9b8, 0x1f9b9, 0x9600000000),
    (0x1f9ba, 0x1f9d0, 0x8600000000),
    (0x1f9d1, 0x1f9dd, 0x9600000000),
    (0x1f9de, 0x1f9ff, 0x8600000000),
    (0x1fa00, 0x1faff, 0x8000000000),
];
pub(super) static PROPERTIES_28: &[(u32, u32, u64)] = &[(0x0, 0xffffffff, 0x40000001)];
pub(super) static PROPERTIES_29: &[(u32, u32, u64)] = &[(0x0, 0xffffffff, 0x100000040000001)];
pub(super) static PROPERTIES_30: &[(u32, u32, u64)] = &[
    (0x0, 0x1f, 0x1),
    (0x20, 0x20, 0x40000001),
    (0x21, 0xffffffff, 0x1),
];
pub(super) static PROPERTIES: &[&[(u32, u32, u64)]] = &[
    PROPERTIES_0,
    PROPERTIES_1,
    PROPERTIES_2,
    PROPERTIES_3,
    PROPERTIES_4,
    PROPERTIES_5,
    PROPERTIES_6,
    PROPERTIES_7,
    PROPERTIES_8,
    PROPERTIES_9,
    PROPERTIES_10,
    PROPERTIES_11,
    PROPERTIES_12,
    PROPERTIES_13,
    PROPERTIES_14,
    PROPERTIES_15,
    PROPERTIES_16,
    PROPERTIES_17,
    PROPERTIES_18,
    PROPERTIES_19,
    PROPERTIES_20,
    PROPERTIES_21,
    PROPERTIES_22,
    PROPERTIES_23,
    PROPERTIES_24,
    PROPERTIES_25,
    PROPERTIES_26,
    PROPERTIES_27,
    PROPERTIES_28,
    PROPERTIES_29,
    PROPERTIES_30,
];
